君の知らない物語,Basic,2,2.0
君の知らない物語,Advanced,5,5.0
君の知らない物語,Expert,7+,7.7
君の知らない物語,Master,11,11.0
シュガーソングとビターステップ,Basic,2,2.0
シュガーソングとビターステップ,Advanced,5,5.0
シュガーソングとビターステップ,Expert,7+,7.7
シュガーソングとビターステップ,Master,11+,11.7
回レ！雪月花,Basic,3,3.0
回レ！雪月花,Advanced,6,6.0
回レ！雪月花,Expert,8,8.0
回レ！雪月花,Master,11+,11.7
回レ！雪月花,Lunatic,14,14.0
ようこそジャパリパークへ,Basic,3,3.0
ようこそジャパリパークへ,Advanced,6,6.0
ようこそジャパリパークへ,Expert,8,8.0
ようこそジャパリパークへ,Master,11+,11.7
ようこそジャパリパークへ,Lunatic,13,13.0
ファッとして桃源郷,Basic,3,3.0
ファッとして桃源郷,Advanced,6,6.0
ファッとして桃源郷,Expert,8,8.0
ファッとして桃源郷,Master,12,12.0
かくしん的☆めたまるふぉ～ぜっ!,Basic,3,3.0
かくしん的☆めたまるふぉ～ぜっ!,Advanced,5,5.0
かくしん的☆めたまるふぉ～ぜっ!,Expert,8,8.0
かくしん的☆めたまるふぉ～ぜっ!,Master,12,12.0
This game,Basic,3,3.0
This game,Advanced,6,6.0
This game,Expert,8,8.0
This game,Master,11+,11.7
Los! Los! Los!,Basic,2,2.0
Los! Los! Los!,Advanced,6,6.0
Los! Los! Los!,Expert,8,8.0
Los! Los! Los!,Master,11+,11.7
SAVIOR OF SONG,Basic,3,3.0
SAVIOR OF SONG,Advanced,6,6.0
SAVIOR OF SONG,Expert,8,8.0
SAVIOR OF SONG,Master,12,12.0
Red “reduction division” -crossroads version-,Basic,2,2.0
Red “reduction division” -crossroads version-,Advanced,5,5.0
Red “reduction division” -crossroads version-,Expert,9,9.0
Red “reduction division” -crossroads version-,Master,12,12.0
鳥の詩,Basic,1,1.0
鳥の詩,Advanced,5,5.0
鳥の詩,Expert,8,8.0
鳥の詩,Master,11,11.0
SAKURA,Basic,2,2.0
SAKURA,Advanced,5,5.0
SAKURA,Expert,8,8.0
SAKURA,Master,11,11.0
ときめきエクスペリエンス！,Basic,2,2.0
ときめきエクスペリエンス！,Advanced,6,6.0
ときめきエクスペリエンス！,Expert,8,8.0
ときめきエクスペリエンス！,Master,11,11.0
That Is How I Roll!,Basic,2,2.0
That Is How I Roll!,Advanced,5,5.0
That Is How I Roll!,Expert,9,9.0
That Is How I Roll!,Master,11,11.0
しゅわりん☆どり〜みん,Basic,2,2.0
しゅわりん☆どり〜みん,Advanced,6,6.0
しゅわりん☆どり〜みん,Expert,8+,8.7
しゅわりん☆どり〜みん,Master,11,11.0
BLACK SHOUT,Basic,2,2.0
BLACK SHOUT,Advanced,5,5.0
BLACK SHOUT,Expert,8+,8.7
BLACK SHOUT,Master,11+,11.7
えがおのオーケストラっ！,Basic,2,2.0
えがおのオーケストラっ！,Advanced,5,5.0
えがおのオーケストラっ！,Expert,8,8.0
えがおのオーケストラっ！,Master,11,11.0
脳漿炸裂ガール,Basic,3,3.0
脳漿炸裂ガール,Advanced,5,5.0
脳漿炸裂ガール,Expert,10,10.0
脳漿炸裂ガール,Master,13,13.2
天ノ弱,Basic,3,3.0
天ノ弱,Advanced,5,5.0
天ノ弱,Expert,9,9.0
天ノ弱,Master,11+,11.7
おこちゃま戦争,Basic,3,3.0
おこちゃま戦争,Advanced,6,6.0
おこちゃま戦争,Expert,9,9.0
おこちゃま戦争,Master,11+,11.7
六兆年と一夜物語,Basic,3,3.0
六兆年と一夜物語,Advanced,6,6.0
六兆年と一夜物語,Expert,8+,8.7
六兆年と一夜物語,Master,12,12.3
六兆年と一夜物語,Lunatic,14,14.0
千本桜,Basic,2,2.0
千本桜,Advanced,6,6.0
千本桜,Expert,8+,8.7
千本桜,Master,11+,11.7
キミノヨゾラ哨戒班,Basic,3,3.0
キミノヨゾラ哨戒班,Advanced,6,6.0
キミノヨゾラ哨戒班,Expert,9,9.0
キミノヨゾラ哨戒班,Master,12,12.5
木彫り鯰と右肩ゾンビ,Basic,3,3.0
木彫り鯰と右肩ゾンビ,Advanced,6,6.0
木彫り鯰と右肩ゾンビ,Expert,9+,9.7
木彫り鯰と右肩ゾンビ,Master,12,12.2
鬼KYOKAN,Basic,4,4.0
鬼KYOKAN,Advanced,6,6.0
鬼KYOKAN,Expert,10,10.0
鬼KYOKAN,Master,12+,12.9
ぼくらの16bit戦争,Basic,3,3.0
ぼくらの16bit戦争,Advanced,6,6.0
ぼくらの16bit戦争,Expert,10,10.0
ぼくらの16bit戦争,Master,13+,13.8
初音ミクの激唱,Basic,4,4.0
初音ミクの激唱,Advanced,7+,7.7
初音ミクの激唱,Expert,11,11.0
初音ミクの激唱,Master,14,14.2
初音ミクの激唱,Lunatic,14,14.2
ヒビカセ,Basic,2,2.0
ヒビカセ,Advanced,6,6.0
ヒビカセ,Expert,9,9.0
ヒビカセ,Master,12,12.1
グリーンライツ・セレナーデ,Basic,3,3.0
グリーンライツ・セレナーデ,Advanced,6,6.0
グリーンライツ・セレナーデ,Expert,9+,9.7
グリーンライツ・セレナーデ,Master,12,12.3
グリーンライツ・セレナーデ,Lunatic,13,13.4
砂の惑星 feat. HATSUNE MIKU,Basic,2,2.0
砂の惑星 feat. HATSUNE MIKU,Advanced,5,5.0
砂の惑星 feat. HATSUNE MIKU,Expert,8+,8.7
砂の惑星 feat. HATSUNE MIKU,Master,12,12.3
ゴーストルール,Basic,3,3.0
ゴーストルール,Advanced,6,6.0
ゴーストルール,Expert,9+,9.7
ゴーストルール,Master,12,12.2
ブリキノダンス,Basic,2,2.0
ブリキノダンス,Advanced,5,5.0
ブリキノダンス,Expert,9,9.0
ブリキノダンス,Master,11+,11.7
Bad Apple!! feat.nomico,Basic,2,2.0
Bad Apple!! feat.nomico,Advanced,5,5.0
Bad Apple!! feat.nomico,Expert,8,8.0
Bad Apple!! feat.nomico,Master,12+,12.7
ナイト・オブ・ナイツ,Basic,3,3.0
ナイト・オブ・ナイツ,Advanced,7,7.0
ナイト・オブ・ナイツ,Expert,9+,9.7
ナイト・オブ・ナイツ,Master,12+,12.8
ナイト・オブ・ナイツ,Lunatic,13+,13.9
Grip & Break down !!,Basic,3,3.0
Grip & Break down !!,Advanced,6,6.0
Grip & Break down !!,Expert,9,9.0
Grip & Break down !!,Master,12,12.0
幻想のサテライト,Basic,3,3.0
幻想のサテライト,Advanced,7,7.0
幻想のサテライト,Expert,10,10.0
幻想のサテライト,Master,12+,12.9
Energy Booster ～ 上海紅茶館,Basic,3,3.0
Energy Booster ～ 上海紅茶館,Advanced,6,6.0
Energy Booster ～ 上海紅茶館,Expert,9,9.0
Energy Booster ～ 上海紅茶館,Master,12+,12.7
アクアテラリウム,Basic,2,2.0
アクアテラリウム,Advanced,5,5.0
アクアテラリウム,Expert,8+,8.7
アクアテラリウム,Master,12,12.6
四次元跳躍機関,Basic,2,2.0
四次元跳躍機関,Advanced,5,5.0
四次元跳躍機関,Expert,8,8.0
四次元跳躍機関,Master,12+,12.7
れみりあ☆デスティニー,Basic,3,3.0
れみりあ☆デスティニー,Advanced,6,6.0
れみりあ☆デスティニー,Expert,9,9.0
れみりあ☆デスティニー,Master,12+,12.7
sweet little sister,Basic,3,3.0
sweet little sister,Advanced,6,6.0
sweet little sister,Expert,9,9.0
sweet little sister,Master,13,13.0
Destiny Runner,Basic,3,3.0
Destiny Runner,Advanced,7,7.0
Destiny Runner,Expert,10,10.0
Destiny Runner,Master,13,13.6
最終鬼畜妹フランドール・Ｓ,Basic,3,3.0
最終鬼畜妹フランドール・Ｓ,Advanced,7,7.0
最終鬼畜妹フランドール・Ｓ,Expert,10,10.0
最終鬼畜妹フランドール・Ｓ,Master,13,13.5
檄!帝国華撃団,Basic,2,2.0
檄!帝国華撃団,Advanced,5,5.0
檄!帝国華撃団,Expert,7+,7.7
檄!帝国華撃団,Master,11,11.0
The Formula,Basic,4,4.0
The Formula,Advanced,7,7.0
The Formula,Expert,8+,8.7
The Formula,Master,12+,12.7
Brain Power,Basic,4,4.0
Brain Power,Advanced,6,6.0
Brain Power,Expert,9+,9.7
Brain Power,Master,13,13.4
Halcyon,Basic,4,4.0
Halcyon,Advanced,7+,7.7
Halcyon,Expert,10+,10.7
Halcyon,Master,13,13.5
オモイヨシノ,Basic,3,3.0
オモイヨシノ,Advanced,5,5.0
オモイヨシノ,Expert,9,9.0
オモイヨシノ,Master,12,12.0
神威,Basic,4,4.0
神威,Advanced,8,8.0
神威,Expert,12,12.4
神威,Master,14,14.3
Äventyr,Basic,2,2.0
Äventyr,Advanced,5,5.0
Äventyr,Expert,8+,8.7
Äventyr,Master,13,13.1
ＧＯ！ＧＯ！ラブリズム♥,Basic,3,3.0
ＧＯ！ＧＯ！ラブリズム♥,Advanced,6,6.0
ＧＯ！ＧＯ！ラブリズム♥,Expert,8+,8.7
ＧＯ！ＧＯ！ラブリズム♥,Master,11+,11.7
Oshama Scramble!,Basic,4,4.0
Oshama Scramble!,Advanced,7,7.0
Oshama Scramble!,Expert,10,10.0
Oshama Scramble!,Master,13+,13.7
心象蜃気楼,Basic,2,2.0
心象蜃気楼,Advanced,6,6.0
心象蜃気楼,Expert,8,8.0
心象蜃気楼,Master,12,12.2
Mare Maris,Basic,3,3.0
Mare Maris,Advanced,6,6.0
Mare Maris,Expert,8,8.0
Mare Maris,Master,12,12.5
Hyper Active,Basic,4,4.0
Hyper Active,Advanced,7+,7.7
Hyper Active,Expert,11,11.0
Hyper Active,Master,12+,12.8
天火明命,Basic,3,3.0
天火明命,Advanced,6,6.0
天火明命,Expert,9+,9.7
天火明命,Master,13,13.1
Cyberozar,Basic,4,4.0
Cyberozar,Advanced,7,7.0
Cyberozar,Expert,10,10.0
Cyberozar,Master,12+,12.9
AMAZING MIGHTYYYY!!!!,Basic,4,4.0
AMAZING MIGHTYYYY!!!!,Advanced,7,7.0
AMAZING MIGHTYYYY!!!!,Expert,11,11.0
AMAZING MIGHTYYYY!!!!,Master,13+,13.7
Gate of Doom,Basic,4,4.0
Gate of Doom,Advanced,7+,7.7
Gate of Doom,Expert,10+,10.7
Gate of Doom,Master,13,13.1
First Twinkle,Basic,2,2.0
First Twinkle,Advanced,6,6.0
First Twinkle,Expert,8+,8.7
First Twinkle,Master,11,11.0
Paqqin,Basic,3,3.0
Paqqin,Advanced,6,6.0
Paqqin,Expert,10+,10.7
Paqqin,Master,13,13.1
We Gonna Journey,Basic,3,3.0
We Gonna Journey,Advanced,7,7.0
We Gonna Journey,Expert,10,10.0
We Gonna Journey,Master,13,13.5
閃鋼のブリューナク,Basic,4,4.0
閃鋼のブリューナク,Advanced,7+,7.7
閃鋼のブリューナク,Expert,10+,10.7
閃鋼のブリューナク,Master,13+,13.9
oboro,Basic,2,2.0
oboro,Advanced,6,6.0
oboro,Expert,9,9.0
oboro,Master,12+,12.9
7thSense,Basic,4,4.0
7thSense,Advanced,7+,7.7
7thSense,Expert,11+,11.7
7thSense,Master,14,14.0
今ぞ♡崇め奉れ☆オマエらよ！！～姫の秘メタル渇望～,Basic,3,3.0
今ぞ♡崇め奉れ☆オマエらよ！！～姫の秘メタル渇望～,Advanced,7,7.0
今ぞ♡崇め奉れ☆オマエらよ！！～姫の秘メタル渇望～,Expert,9+,9.7
今ぞ♡崇め奉れ☆オマエらよ！！～姫の秘メタル渇望～,Master,13,13.2
Kattobi KEIKYU Rider,Basic,3,3.0
Kattobi KEIKYU Rider,Advanced,7+,7.7
Kattobi KEIKYU Rider,Expert,10+,10.7
Kattobi KEIKYU Rider,Master,13,13.3
エンドマークに希望と涙を添えて,Basic,4,4.0
エンドマークに希望と涙を添えて,Advanced,8+,8.7
エンドマークに希望と涙を添えて,Expert,11+,11.7
エンドマークに希望と涙を添えて,Master,14,14.2
Perfect Shining!!,Basic,3,3.0
Perfect Shining!!,Advanced,6,6.0
Perfect Shining!!,Expert,8,8.0
Perfect Shining!!,Master,11,11.0
STARTLINER,Basic,2,2.0
STARTLINER,Advanced,5,5.0
STARTLINER,Expert,8+,8.7
STARTLINER,Master,11,11.0
STARTLINER,Lunatic,12+,12.8
みんな Happy!!,Basic,2,2.0
みんな Happy!!,Advanced,5,5.0
みんな Happy!!,Expert,9,9.0
みんな Happy!!,Master,11,11.0
Zest of Blue,Basic,3,3.0
Zest of Blue,Advanced,6,6.0
Zest of Blue,Expert,9,9.0
Zest of Blue,Master,12,12.0
Here We Go,Basic,2,2.0
Here We Go,Advanced,5,5.0
Here We Go,Expert,9,9.0
Here We Go,Master,12,12.6
Dolphika,Basic,3,3.0
Dolphika,Advanced,6,6.0
Dolphika,Expert,10+,10.7
Dolphika,Master,13,13.5
P！P！P！P！がおー!!,Basic,4,4.0
P！P！P！P！がおー!!,Advanced,7+,7.7
P！P！P！P！がおー!!,Expert,10+,10.7
P！P！P！P！がおー!!,Master,12+,12.9
タテマエと本心の大乱闘,Basic,4,4.0
タテマエと本心の大乱闘,Advanced,6,6.0
タテマエと本心の大乱闘,Expert,9+,9.7
タテマエと本心の大乱闘,Master,11+,11.7
Ai Nov,Basic,4,4.0
Ai Nov,Advanced,7+,7.7
Ai Nov,Expert,11,11.0
Ai Nov,Master,13+,13.9
ロッキンピンクモンスター,Basic,3,3.0
ロッキンピンクモンスター,Advanced,7,7.0
ロッキンピンクモンスター,Expert,10+,10.7
ロッキンピンクモンスター,Master,13,13.2
ブツメツビーターズ,Basic,3,3.0
ブツメツビーターズ,Advanced,7,7.0
ブツメツビーターズ,Expert,9+,9.7
ブツメツビーターズ,Master,13,13.3
SWEET SHAKE!!,Basic,2,2.0
SWEET SHAKE!!,Advanced,6,6.0
SWEET SHAKE!!,Expert,8,8.0
SWEET SHAKE!!,Master,12+,12.8
What color...,Basic,2,2.0
What color...,Advanced,6,6.0
What color...,Expert,8+,8.7
What color...,Master,12+,12.9
Sword of Secret,Basic,3,3.0
Sword of Secret,Advanced,7,7.0
Sword of Secret,Expert,9+,9.7
Sword of Secret,Master,13,13.4
Maqrite,Basic,2,2.0
Maqrite,Advanced,6,6.0
Maqrite,Expert,9,9.0
Maqrite,Master,13,13.6
Everlasting Today,Basic,3,3.0
Everlasting Today,Advanced,7+,7.7
Everlasting Today,Expert,12+,12.7
Everlasting Today,Master,14,14.0
GAME IS LIFE,Basic,3,3.0
GAME IS LIFE,Advanced,7,7.0
GAME IS LIFE,Expert,9+,9.7
GAME IS LIFE,Master,12+,12.9
GranFatalité,Basic,3,3.0
GranFatalité,Advanced,7,7.0
GranFatalité,Expert,9,9.0
GranFatalité,Master,12,12.5
Dazzle hop,Basic,5,5.0
Dazzle hop,Advanced,9,9.0
Dazzle hop,Expert,12,12.3
Dazzle hop,Master,14,14.0
YURUSHITE,Basic,4,4.0
YURUSHITE,Advanced,9,9.0
YURUSHITE,Expert,12,12.3
YURUSHITE,Master,14+,14.7
No Remorse,Lunatic,14,14.0
TOMORROW,Basic,2,2.0
TOMORROW,Advanced,5,5.0
TOMORROW,Expert,8,8.0
TOMORROW,Master,11+,11.7
カミサマネジマキ,Basic,3,3.0
カミサマネジマキ,Advanced,7,7.0
カミサマネジマキ,Expert,11+,11.7
カミサマネジマキ,Master,13+,13.7
いーあるふぁんくらぶ,Basic,2,2.0
いーあるふぁんくらぶ,Advanced,5,5.0
いーあるふぁんくらぶ,Expert,8,8.0
いーあるふぁんくらぶ,Master,12,12.0
幸せになれる隠しコマンドがあるらしい,Basic,2,2.0
幸せになれる隠しコマンドがあるらしい,Advanced,7,7.0
幸せになれる隠しコマンドがあるらしい,Expert,9+,9.7
幸せになれる隠しコマンドがあるらしい,Master,13,13.0
チュルリラ・チュルリラ・ダッダッダ！,Basic,3,3.0
チュルリラ・チュルリラ・ダッダッダ！,Advanced,7,7.0
チュルリラ・チュルリラ・ダッダッダ！,Expert,10,10.0
チュルリラ・チュルリラ・ダッダッダ！,Master,12+,12.8
Red Battle,Basic,1,1.0
Red Battle,Advanced,6,6.0
Red Battle,Expert,8,8.0
Red Battle,Master,12,12.0
わたし音頭,Basic,1,1.0
わたし音頭,Advanced,5,5.0
わたし音頭,Expert,8,8.0
わたし音頭,Master,11,11.0
連れ去って・閉じ込めて・好きにして,Basic,1,1.0
連れ去って・閉じ込めて・好きにして,Advanced,5,5.0
連れ去って・閉じ込めて・好きにして,Expert,8,8.0
連れ去って・閉じ込めて・好きにして,Master,11,11.0
GOODRAGE,Basic,4,4.0
GOODRAGE,Advanced,7+,7.7
GOODRAGE,Expert,11,11.0
GOODRAGE,Master,14,14.0
Dragoon,Basic,3,3.0
Dragoon,Advanced,6,6.0
Dragoon,Expert,9,9.0
Dragoon,Master,12+,12.8
月に叢雲華に風,Basic,3,3.0
月に叢雲華に風,Advanced,6,6.0
月に叢雲華に風,Expert,8+,8.7
月に叢雲華に風,Master,12,12.2
CiRCLING,Basic,2,2.0
CiRCLING,Advanced,6,6.0
CiRCLING,Expert,8+,8.7
CiRCLING,Master,12,12.0
Hey-day狂騒曲（カプリチオ）,Basic,2,2.0
Hey-day狂騒曲（カプリチオ）,Advanced,6,6.0
Hey-day狂騒曲（カプリチオ）,Expert,9,9.0
Hey-day狂騒曲（カプリチオ）,Master,12,12.0
ゆら・ゆらRing-Dong-Dance,Basic,3,3.0
ゆら・ゆらRing-Dong-Dance,Advanced,6,6.0
ゆら・ゆらRing-Dong-Dance,Expert,8+,8.7
ゆら・ゆらRing-Dong-Dance,Master,12,12.0
Opera of the wasteland,Basic,2,2.0
Opera of the wasteland,Advanced,6,6.0
Opera of the wasteland,Expert,9,9.0
Opera of the wasteland,Master,13,13.0
ゴーカ！ごーかい！？ファントムシーフ！,Basic,4,4.0
ゴーカ！ごーかい！？ファントムシーフ！,Advanced,7,7.0
ゴーカ！ごーかい！？ファントムシーフ！,Expert,9+,9.7
ゴーカ！ごーかい！？ファントムシーフ！,Master,13,13.0
怒槌,Basic,5,5.0
怒槌,Advanced,8+,8.7
怒槌,Expert,12+,12.9
怒槌,Master,14,14.5
混沌を越えし我らが神聖なる調律主を讃えよ,Basic,5,5.0
混沌を越えし我らが神聖なる調律主を讃えよ,Advanced,8+,8.7
混沌を越えし我らが神聖なる調律主を讃えよ,Expert,13,13.0
混沌を越えし我らが神聖なる調律主を讃えよ,Master,14,14.3
Opfer,Basic,4,4.0
Opfer,Advanced,9,9.0
Opfer,Expert,13,13.6
Opfer,Master,14+,14.9
Titania,Basic,5,5.0
Titania,Advanced,9+,9.7
Titania,Expert,13,13.2
Titania,Master,14+,14.9
HARMONIZE,Basic,3,3.0
HARMONIZE,Advanced,6,6.0
HARMONIZE,Expert,8,8.0
HARMONIZE,Master,12,12.3
secret base ～君がくれたもの～ (10 years after Ver.),Basic,1,1.0
secret base ～君がくれたもの～ (10 years after Ver.),Advanced,5,5.0
secret base ～君がくれたもの～ (10 years after Ver.),Expert,8,8.0
secret base ～君がくれたもの～ (10 years after Ver.),Master,11+,11.7
God knows...,Basic,2,2.0
God knows...,Advanced,6,6.0
God knows...,Expert,9,9.0
God knows...,Master,13,13.0
STEP by STEP UP↑↑↑↑,Basic,3,3.0
STEP by STEP UP↑↑↑↑,Advanced,6,6.0
STEP by STEP UP↑↑↑↑,Expert,9,9.0
STEP by STEP UP↑↑↑↑,Master,12,12.0
Link of Destiny,Basic,2,2.0
Link of Destiny,Advanced,6,6.0
Link of Destiny,Expert,9,9.0
Link of Destiny,Master,12,12.0
Love is MY RAIL,Basic,4,4.0
Love is MY RAIL,Advanced,7,7.0
Love is MY RAIL,Expert,9,9.0
Love is MY RAIL,Master,12,12.0
Link with U,Basic,4,4.0
Link with U,Advanced,7,7.0
Link with U,Expert,9+,9.7
Link with U,Master,12+,12.7
こころここから,Basic,1,1.0
こころここから,Advanced,5,5.0
こころここから,Expert,8+,8.7
こころここから,Master,12,12.6
ロボットプラネットユートピア,Basic,3,3.0
ロボットプラネットユートピア,Advanced,7,7.0
ロボットプラネットユートピア,Expert,10,10.0
ロボットプラネットユートピア,Master,13,13.4
ロボットプラネットユートピア,Lunatic,0,0.0
時の冒険者,Basic,4,4.0
時の冒険者,Advanced,7,7.0
時の冒険者,Expert,9+,9.7
時の冒険者,Master,12+,12.9
Redo,Basic,3,3.0
Redo,Advanced,6,6.0
Redo,Expert,9,9.0
Redo,Master,12,12.0
Redo,Lunatic,13,13.0
Grand symphony,Basic,3,3.0
Grand symphony,Advanced,6,6.0
Grand symphony,Expert,9,9.0
Grand symphony,Master,12,12.0
流星,Basic,2,2.0
流星,Advanced,5,5.0
流星,Expert,8,8.0
流星,Master,12,12.0
sister's noise,Basic,2,2.0
sister's noise,Advanced,6,6.0
sister's noise,Expert,9,9.0
sister's noise,Master,12,12.0
超電磁少女Days,Basic,2,2.0
超電磁少女Days,Advanced,5,5.0
超電磁少女Days,Expert,8,8.0
超電磁少女Days,Master,12,12.0
ですのっ！White & Black,Basic,2,2.0
ですのっ！White & Black,Advanced,5,5.0
ですのっ！White & Black,Expert,8+,8.7
ですのっ！White & Black,Master,12+,12.7
ヒバナ,Basic,3,3.0
ヒバナ,Advanced,7,7.0
ヒバナ,Expert,9+,9.7
ヒバナ,Master,12,12.5
ロキ,Basic,3,3.0
ロキ,Advanced,6,6.0
ロキ,Expert,9,9.0
ロキ,Master,12+,12.8
クイーンオブハート,Basic,4,4.0
クイーンオブハート,Advanced,7+,7.7
クイーンオブハート,Expert,10+,10.7
クイーンオブハート,Master,13+,13.7
Calamity Fortune,Basic,4,4.0
Calamity Fortune,Advanced,8,8.0
Calamity Fortune,Expert,12,12.0
Calamity Fortune,Master,13+,13.7
Calamity Fortune,Lunatic,14,14.1
Jump!! Jump!! Jump!!,Basic,3,3.0
Jump!! Jump!! Jump!!,Advanced,6,6.0
Jump!! Jump!! Jump!!,Expert,9,9.0
Jump!! Jump!! Jump!!,Master,12,12.6
TAKE ON THE WORLD,Basic,3,3.0
TAKE ON THE WORLD,Advanced,7,7.0
TAKE ON THE WORLD,Expert,10,10.0
TAKE ON THE WORLD,Master,13,13.3
TeA,Basic,3,3.0
TeA,Advanced,7,7.0
TeA,Expert,10,10.0
TeA,Master,13,13.0
fulgente,Basic,2,2.0
fulgente,Advanced,6,6.0
fulgente,Expert,9,9.0
fulgente,Master,13,13.4
only my railgun,Basic,2,2.0
only my railgun,Advanced,6,6.0
only my railgun,Expert,9+,9.7
only my railgun,Master,12,12.0
カンペキWill,Basic,2,2.0
カンペキWill,Advanced,5,5.0
カンペキWill,Expert,8,8.0
カンペキWill,Master,11+,11.7
アンハッピーリフレイン,Basic,4,4.0
アンハッピーリフレイン,Advanced,7,7.0
アンハッピーリフレイン,Expert,11,11.0
アンハッピーリフレイン,Master,13,13.0
DAYBREAK FRONTLINE,Basic,2,2.0
DAYBREAK FRONTLINE,Advanced,6,6.0
DAYBREAK FRONTLINE,Expert,9,9.0
DAYBREAK FRONTLINE,Master,13,13.1
本能的 Survivor,Basic,3,3.0
本能的 Survivor,Advanced,7,7.0
本能的 Survivor,Expert,9+,9.7
本能的 Survivor,Master,13,13.0
MEGATON BLAST,Basic,5,5.0
MEGATON BLAST,Advanced,9,9.0
MEGATON BLAST,Expert,13,13.0
MEGATON BLAST,Master,14,14.6
初音ミクの消失,Basic,4,4.0
初音ミクの消失,Advanced,8,8.0
初音ミクの消失,Expert,11+,11.7
初音ミクの消失,Master,13+,13.7
炉心融解,Basic,3,3.0
炉心融解,Advanced,7,7.0
炉心融解,Expert,9,9.0
炉心融解,Master,12,12.2
星屑ユートピア,Basic,4,4.0
星屑ユートピア,Advanced,7+,7.7
星屑ユートピア,Expert,10+,10.7
星屑ユートピア,Master,12+,12.9
Tell Your World,Basic,2,2.0
Tell Your World,Advanced,6,6.0
Tell Your World,Expert,8,8.0
Tell Your World,Master,12,12.0
＊ハロー、プラネット。,Basic,2,2.0
＊ハロー、プラネット。,Advanced,6,6.0
＊ハロー、プラネット。,Expert,9+,9.7
＊ハロー、プラネット。,Master,12,12.2
からくりピエロ,Basic,1,1.0
からくりピエロ,Advanced,5,5.0
からくりピエロ,Expert,8,8.0
からくりピエロ,Master,12+,12.8
からくりピエロ,Lunatic,13,13.2
Cream+Mint,Basic,2,2.0
Cream+Mint,Advanced,5,5.0
Cream+Mint,Expert,8,8.0
Cream+Mint,Master,11,11.0
Kiss Me Kiss,Basic,2,2.0
Kiss Me Kiss,Advanced,6,6.0
Kiss Me Kiss,Expert,9+,9.7
Kiss Me Kiss,Master,12+,12.7
Death Doll,Basic,3,3.0
Death Doll,Advanced,7,7.0
Death Doll,Expert,11,11.0
Death Doll,Master,13,13.5
Chelly spLash♪♪,Basic,5,5.0
Chelly spLash♪♪,Advanced,7+,7.7
Chelly spLash♪♪,Expert,10+,10.7
Chelly spLash♪♪,Master,13,13.4
Sakura Fubuki,Lunatic,13+,13.7
オンゲキ全域★アカネサマ？,Basic,4,4.0
オンゲキ全域★アカネサマ？,Advanced,7,7.0
オンゲキ全域★アカネサマ？,Expert,10+,10.7
オンゲキ全域★アカネサマ？,Master,13,13.3
怒槌～光吉猛修一部謎～,Lunatic,0,0.0
Lost Princess,Basic,2,2.0
Lost Princess,Advanced,5,5.0
Lost Princess,Expert,9,9.0
Lost Princess,Master,11,11.0
極上スマイル,Basic,2,2.0
極上スマイル,Advanced,5,5.0
極上スマイル,Expert,8,8.0
極上スマイル,Master,11,11.0
High Free Spirits,Basic,4,4.0
High Free Spirits,Advanced,7,7.0
High Free Spirits,Expert,9+,9.7
High Free Spirits,Master,12,12.0
Paradise Lost,Basic,3,3.0
Paradise Lost,Advanced,6,6.0
Paradise Lost,Expert,9,9.0
Paradise Lost,Master,12,12.0
アリサのテーマ,Basic,2,2.0
アリサのテーマ,Advanced,6,6.0
アリサのテーマ,Expert,9+,9.7
アリサのテーマ,Master,13,13.6
Connecting Happy!!,Basic,3,3.0
Connecting Happy!!,Advanced,6,6.0
Connecting Happy!!,Expert,9,9.0
Connecting Happy!!,Master,12,12.3
メニメニマニマニ,Basic,3,3.0
メニメニマニマニ,Advanced,6,6.0
メニメニマニマニ,Expert,10+,10.7
メニメニマニマニ,Master,13,13.0
ネ！コ！,Basic,3,3.0
ネ！コ！,Advanced,6,6.0
ネ！コ！,Expert,9,9.0
ネ！コ！,Master,12,12.4
ネ！コ！,Lunatic,13+,13.8
シャルル,Basic,2,2.0
シャルル,Advanced,5,5.0
シャルル,Expert,8+,8.7
シャルル,Master,12,12.0
終わりの先の音節,Basic,4,4.0
終わりの先の音節,Advanced,7,7.0
終わりの先の音節,Expert,11,11.0
終わりの先の音節,Master,13,13.0
エピクロスの虹はもう見えない,Basic,2,2.0
エピクロスの虹はもう見えない,Advanced,6,6.0
エピクロスの虹はもう見えない,Expert,9,9.0
エピクロスの虹はもう見えない,Master,13,13.4
エピクロスの虹はもう見えない,Lunatic,0,0.0
Sentimental Snow,Basic,2,2.0
Sentimental Snow,Advanced,5,5.0
Sentimental Snow,Expert,8,8.0
Sentimental Snow,Master,11+,11.7
めんどーい！やっほーい！ともだち！,Basic,3,3.0
めんどーい！やっほーい！ともだち！,Advanced,6,6.0
めんどーい！やっほーい！ともだち！,Expert,9+,9.7
めんどーい！やっほーい！ともだち！,Master,12,12.6
BOUNCE & DANCE,Basic,2,2.0
BOUNCE & DANCE,Advanced,7,7.0
BOUNCE & DANCE,Expert,10+,10.7
BOUNCE & DANCE,Master,13,13.3
心,Basic,3,3.0
心,Advanced,6,6.0
心,Expert,9+,9.7
心,Master,14,14.5
進捗どうですか？,Basic,3,3.0
進捗どうですか？,Advanced,6,6.0
進捗どうですか？,Expert,9+,9.7
進捗どうですか？,Master,12,12.3
東方妖々夢 ～the maximum moving about～,Basic,3,3.0
東方妖々夢 ～the maximum moving about～,Advanced,7,7.0
東方妖々夢 ～the maximum moving about～,Expert,10,10.0
東方妖々夢 ～the maximum moving about～,Master,12,12.5
寒想桜,Basic,2,2.0
寒想桜,Advanced,5,5.0
寒想桜,Expert,8+,8.7
寒想桜,Master,12,12.1
妖狐仙楽踏,Basic,2,2.0
妖狐仙楽踏,Advanced,6,6.0
妖狐仙楽踏,Expert,10+,10.7
妖狐仙楽踏,Master,13,13.5
Necro Fantasia,Basic,3,3.0
Necro Fantasia,Advanced,6,6.0
Necro Fantasia,Expert,9,9.0
Necro Fantasia,Master,12+,12.9
Colors,Basic,2,2.0
Colors,Advanced,5,5.0
Colors,Expert,8,8.0
Colors,Master,12,12.1
櫻結び,Basic,3,3.0
櫻結び,Advanced,6,6.0
櫻結び,Expert,9,9.0
櫻結び,Master,12,12.3
Melody！,Basic,3,3.0
Melody！,Advanced,6,6.0
Melody！,Expert,8+,8.7
Melody！,Master,12,12.6
Scream out! -音華鏡 Re:BREAK-,Basic,3,3.0
Scream out! -音華鏡 Re:BREAK-,Advanced,7,7.0
Scream out! -音華鏡 Re:BREAK-,Expert,10+,10.7
Scream out! -音華鏡 Re:BREAK-,Master,13,13.4
conflict,Basic,3,3.0
conflict,Advanced,7,7.0
conflict,Expert,11,11.0
conflict,Master,13+,13.8
UTAKATA,Basic,3,3.0
UTAKATA,Advanced,6,6.0
UTAKATA,Expert,9,9.0
UTAKATA,Master,13,13.1
Rule the World!!,Basic,2,2.0
Rule the World!!,Advanced,6,6.0
Rule the World!!,Expert,10,10.0
Rule the World!!,Master,12+,12.7
どうぶつ☆パラダイス,Basic,1,1.0
どうぶつ☆パラダイス,Advanced,5,5.0
どうぶつ☆パラダイス,Expert,8,8.0
どうぶつ☆パラダイス,Master,12,12.1
Y.Y.Y.計画!!!!,Basic,3,3.0
Y.Y.Y.計画!!!!,Advanced,7,7.0
Y.Y.Y.計画!!!!,Expert,9+,9.7
Y.Y.Y.計画!!!!,Master,12,12.5
fantastic dreamer,Basic,4,4.0
fantastic dreamer,Advanced,6,6.0
fantastic dreamer,Expert,10,10.0
fantastic dreamer,Master,12,12.0
DreamRiser,Basic,2,2.0
DreamRiser,Advanced,5,5.0
DreamRiser,Expert,9+,9.7
DreamRiser,Master,11+,11.7
Rising Hope,Basic,3,3.0
Rising Hope,Advanced,7,7.0
Rising Hope,Expert,10,10.0
Rising Hope,Master,12+,12.7
Hand in Hand,Basic,2,2.0
Hand in Hand,Advanced,7,7.0
Hand in Hand,Expert,8+,8.7
Hand in Hand,Master,12,12.0
39,Basic,3,3.0
39,Advanced,6,6.0
39,Expert,8+,8.7
39,Master,12,12.3
メルト,Basic,2,2.0
メルト,Advanced,5,5.0
メルト,Expert,8,8.0
メルト,Master,12,12.0
Garakuta Doll Play,Basic,5,5.0
Garakuta Doll Play,Advanced,8+,8.7
Garakuta Doll Play,Expert,13,13.0
Garakuta Doll Play,Master,14,14.2
The wheel to the right,Basic,4,4.0
The wheel to the right,Advanced,8,8.0
The wheel to the right,Expert,12,12.2
The wheel to the right,Master,13+,13.7
Starring Stars,Basic,4,4.0
Starring Stars,Advanced,6,6.0
Starring Stars,Expert,9,9.0
Starring Stars,Master,12,12.5
Viyella's Tears,Basic,5,5.0
Viyella's Tears,Advanced,9+,9.7
Viyella's Tears,Expert,13,13.2
Viyella's Tears,Master,14+,14.8
チルノのパーフェクトさんすう教室,Basic,2,2.0
チルノのパーフェクトさんすう教室,Advanced,6,6.0
チルノのパーフェクトさんすう教室,Expert,10,10.0
チルノのパーフェクトさんすう教室,Master,12+,12.9
Aenbharr,Basic,4,4.0
Aenbharr,Advanced,8,8.0
Aenbharr,Expert,12,12.6
Aenbharr,Master,14,14.5
ω4,Basic,5,5.0
ω4,Advanced,9+,9.7
ω4,Expert,13,13.0
ω4,Master,14+,14.9
ドーナツホール,Basic,3,3.0
ドーナツホール,Advanced,7,7.0
ドーナツホール,Expert,10,10.0
ドーナツホール,Master,13,13.2
人生リセットボタン,Basic,4,4.0
人生リセットボタン,Advanced,7,7.0
人生リセットボタン,Expert,11,11.0
人生リセットボタン,Master,13,13.3
妄想感傷代償連盟,Basic,1,1.0
妄想感傷代償連盟,Advanced,5,5.0
妄想感傷代償連盟,Expert,8,8.0
妄想感傷代償連盟,Master,12,12.2
光線チューニング,Basic,3,3.0
光線チューニング,Advanced,6,6.0
光線チューニング,Expert,10,10.0
光線チューニング,Master,12+,12.8
徒花ネクロマンシー,Basic,4,4.0
徒花ネクロマンシー,Advanced,7,7.0
徒花ネクロマンシー,Expert,9,9.0
徒花ネクロマンシー,Master,12,12.3
ADAMAS,Basic,3,3.0
ADAMAS,Advanced,6,6.0
ADAMAS,Expert,9+,9.7
ADAMAS,Master,12+,12.9
GO! GO! MANIAC,Basic,4,4.0
GO! GO! MANIAC,Advanced,7+,7.7
GO! GO! MANIAC,Expert,10+,10.7
GO! GO! MANIAC,Master,13+,13.7
Preserved Roses,Basic,2,2.0
Preserved Roses,Advanced,6,6.0
Preserved Roses,Expert,8+,8.7
Preserved Roses,Master,12+,12.8
The Everlasting Guilty Crown,Basic,2,2.0
The Everlasting Guilty Crown,Advanced,6,6.0
The Everlasting Guilty Crown,Expert,8,8.0
The Everlasting Guilty Crown,Master,12+,12.7
Doll's Destiny,Basic,4,4.0
Doll's Destiny,Advanced,6,6.0
Doll's Destiny,Expert,9+,9.7
Doll's Destiny,Master,12,12.6
Star Divine,Basic,2,2.0
Star Divine,Advanced,5,5.0
Star Divine,Expert,8,8.0
Star Divine,Master,12,12.4
ダンスロボットダンス,Basic,3,3.0
ダンスロボットダンス,Advanced,6,6.0
ダンスロボットダンス,Expert,10,10.0
ダンスロボットダンス,Master,12+,12.7
ギガンティックO.T.N,Basic,3,3.0
ギガンティックO.T.N,Advanced,7,7.0
ギガンティックO.T.N,Expert,10+,10.7
ギガンティックO.T.N,Master,13+,13.8
快晴,Basic,2,2.0
快晴,Advanced,5,5.0
快晴,Expert,9,9.0
快晴,Master,12,12.3
サマータイムレコード,Basic,3,3.0
サマータイムレコード,Advanced,6,6.0
サマータイムレコード,Expert,8+,8.7
サマータイムレコード,Master,12,12.4
ブレス・ユア・ブレス,Basic,2,2.0
ブレス・ユア・ブレス,Advanced,5,5.0
ブレス・ユア・ブレス,Expert,8+,8.7
ブレス・ユア・ブレス,Master,11+,11.7
METEOR,Basic,3,3.0
METEOR,Advanced,6,6.0
METEOR,Expert,8,8.0
METEOR,Master,12,12.4
サドマミホリック,Basic,4,4.0
サドマミホリック,Advanced,7,7.0
サドマミホリック,Expert,10+,10.7
サドマミホリック,Master,13,13.5
患部で止まってすぐ溶ける～狂気の優曇華院,Basic,3,3.0
患部で止まってすぐ溶ける～狂気の優曇華院,Advanced,7,7.0
患部で止まってすぐ溶ける～狂気の優曇華院,Expert,11,11.0
患部で止まってすぐ溶ける～狂気の優曇華院,Master,13,13.4
FREEDOM DiVE (tpz Overcute Remix),Basic,4,4.0
FREEDOM DiVE (tpz Overcute Remix),Advanced,8,8.0
FREEDOM DiVE (tpz Overcute Remix),Expert,11+,11.7
FREEDOM DiVE (tpz Overcute Remix),Master,14,14.1
最強 the サマータイム!!!!!,Basic,3,3.0
最強 the サマータイム!!!!!,Advanced,6,6.0
最強 the サマータイム!!!!!,Expert,9+,9.7
最強 the サマータイム!!!!!,Master,12,12.4
最強 the サマータイム!!!!!,Lunatic,13,13.6
まっすぐ→→→ストリーム！,Basic,3,3.0
まっすぐ→→→ストリーム！,Advanced,6,6.0
まっすぐ→→→ストリーム！,Expert,9,9.0
まっすぐ→→→ストリーム！,Master,13,13.0
Touch and Go,Basic,4,4.0
Touch and Go,Advanced,7+,7.7
Touch and Go,Expert,11+,11.7
Touch and Go,Master,13+,13.7
Baqeela,Basic,2,2.0
Baqeela,Advanced,6,6.0
Baqeela,Expert,11,11.0
Baqeela,Master,13+,13.9
トリドリ⇒モリモリ！Lovely fruits☆,Basic,3,3.0
トリドリ⇒モリモリ！Lovely fruits☆,Advanced,6,6.0
トリドリ⇒モリモリ！Lovely fruits☆,Expert,9+,9.7
トリドリ⇒モリモリ！Lovely fruits☆,Master,12,12.5
Lazy Addiction,Basic,3,3.0
Lazy Addiction,Advanced,7,7.0
Lazy Addiction,Expert,11,11.0
Lazy Addiction,Master,13+,13.7
夜明けのストリング,Basic,2,2.0
夜明けのストリング,Advanced,5,5.0
夜明けのストリング,Expert,8,8.0
夜明けのストリング,Master,12,12.4
Desperado Waltz,Basic,3,3.0
Desperado Waltz,Advanced,7+,7.7
Desperado Waltz,Expert,12+,12.7
Desperado Waltz,Master,14,14.4
緋蜂,Lunatic,14+,14.7
永遠メモリー,Basic,2,2.0
永遠メモリー,Advanced,6,6.0
永遠メモリー,Expert,9,9.0
永遠メモリー,Master,12,12.3
星のダイアローグ,Basic,2,2.0
星のダイアローグ,Advanced,5,5.0
星のダイアローグ,Expert,8+,8.7
星のダイアローグ,Master,11+,11.7
"Hello, Morning",Basic,2,2.0
"Hello, Morning",Advanced,5,5.0
"Hello, Morning",Expert,8,8.0
"Hello, Morning",Master,12+,12.7
人類みなセンパイ！,Basic,2,2.0
人類みなセンパイ！,Advanced,6,6.0
人類みなセンパイ！,Expert,9,9.0
人類みなセンパイ！,Master,12+,12.8
透明声彩,Basic,2,2.0
透明声彩,Advanced,6,6.0
透明声彩,Expert,8+,8.7
透明声彩,Master,12+,12.7
ウサテイ,Basic,3,3.0
ウサテイ,Advanced,6,6.0
ウサテイ,Expert,11+,11.7
ウサテイ,Master,13+,13.7
全力ハッピーライフ,Basic,3,3.0
全力ハッピーライフ,Advanced,7,7.0
全力ハッピーライフ,Expert,10+,10.7
全力ハッピーライフ,Master,13,13.4
レプリカの恋,Basic,2,2.0
レプリカの恋,Advanced,5,5.0
レプリカの恋,Expert,8,8.0
レプリカの恋,Master,12,12.2
"Help me, ERINNNNNN!!",Basic,3,3.0
"Help me, ERINNNNNN!!",Advanced,6,6.0
"Help me, ERINNNNNN!!",Expert,10,10.0
"Help me, ERINNNNNN!!",Master,12+,12.7
銀のめぐり,Basic,3,3.0
銀のめぐり,Advanced,6,6.0
銀のめぐり,Expert,9+,9.7
銀のめぐり,Master,13,13.6
インビジブル,Basic,3,3.0
インビジブル,Advanced,7,7.0
インビジブル,Expert,12,12.2
インビジブル,Master,13,13.6
MAKING！ハイタッチ！,Basic,2,2.0
MAKING！ハイタッチ！,Advanced,7,7.0
MAKING！ハイタッチ！,Expert,9,9.0
MAKING！ハイタッチ！,Master,13,13.0
GEOMETRIC DANCE,Basic,3,3.0
GEOMETRIC DANCE,Advanced,7,7.0
GEOMETRIC DANCE,Expert,12,12.1
GEOMETRIC DANCE,Master,14,14.6
未来の彼方,Basic,2,2.0
未来の彼方,Advanced,5,5.0
未来の彼方,Expert,8+,8.7
未来の彼方,Master,12,12.5
青春サイダー,Basic,3,3.0
青春サイダー,Advanced,6,6.0
青春サイダー,Expert,10+,10.7
青春サイダー,Master,13,13.1
Petit Etoile,Basic,3,3.0
Petit Etoile,Advanced,7,7.0
Petit Etoile,Expert,9+,9.7
Petit Etoile,Master,13,13.5
Imperishable Night 2006 (2016 Refine),Basic,3,3.0
Imperishable Night 2006 (2016 Refine),Advanced,7+,7.7
Imperishable Night 2006 (2016 Refine),Expert,11,11.0
Imperishable Night 2006 (2016 Refine),Master,14,14.2
彗星ハネムーン,Basic,2,2.0
彗星ハネムーン,Advanced,5,5.0
彗星ハネムーン,Expert,8+,8.7
彗星ハネムーン,Master,12+,12.7
メーベル (self cover),Basic,2,2.0
メーベル (self cover),Advanced,5,5.0
メーベル (self cover),Expert,8,8.0
メーベル (self cover),Master,12,12.1
ナイト・オブ・ナイツ (Cranky Remix),Basic,3,3.0
ナイト・オブ・ナイツ (Cranky Remix),Advanced,7,7.0
ナイト・オブ・ナイツ (Cranky Remix),Expert,10+,10.7
ナイト・オブ・ナイツ (Cranky Remix),Master,13,13.6
ポケットからぬりつぶせ！,Basic,2,2.0
ポケットからぬりつぶせ！,Advanced,5,5.0
ポケットからぬりつぶせ！,Expert,8+,8.7
ポケットからぬりつぶせ！,Master,12,12.3
Mini skirt,Basic,3,3.0
Mini skirt,Advanced,7,7.0
Mini skirt,Expert,12,12.2
Mini skirt,Master,13+,13.9
HONEY-Q,Basic,3,3.0
HONEY-Q,Advanced,7+,7.7
HONEY-Q,Expert,12,12.0
HONEY-Q,Master,13+,13.7
SILENT BLUE,Basic,4,4.0
SILENT BLUE,Advanced,8+,8.7
SILENT BLUE,Expert,12,12.1
SILENT BLUE,Master,14,14.1
World Vanquisher,Basic,4,4.0
World Vanquisher,Advanced,9,9.0
World Vanquisher,Expert,11+,11.7
World Vanquisher,Master,14,14.6
スタートライン,Basic,2,2.0
スタートライン,Advanced,6,6.0
スタートライン,Expert,8,8.0
スタートライン,Master,12,12.2
お願い☆My Boy,Basic,2,2.0
お願い☆My Boy,Advanced,5,5.0
お願い☆My Boy,Expert,8,8.0
お願い☆My Boy,Master,11+,11.7
星屑☆シーカー,Basic,2,2.0
星屑☆シーカー,Advanced,5,5.0
星屑☆シーカー,Expert,8+,8.7
星屑☆シーカー,Master,12,12.6
デリヘル呼んだら君が来た,Basic,3,3.0
デリヘル呼んだら君が来た,Advanced,6,6.0
デリヘル呼んだら君が来た,Expert,10,10.0
デリヘル呼んだら君が来た,Master,13,13.1
感情アクセラレイション,Basic,2,2.0
感情アクセラレイション,Advanced,6,6.0
感情アクセラレイション,Expert,9,9.0
感情アクセラレイション,Master,13,13.0
A Man In The Mirror,Basic,4,4.0
A Man In The Mirror,Advanced,9,9.0
A Man In The Mirror,Expert,13,13.6
A Man In The Mirror,Master,14+,14.8
Girls Talk!!,Basic,3,3.0
Girls Talk!!,Advanced,6,6.0
Girls Talk!!,Expert,9+,9.7
Girls Talk!!,Master,12+,12.8
セカイのヒミツ,Basic,3,3.0
セカイのヒミツ,Advanced,6,6.0
セカイのヒミツ,Expert,8+,8.7
セカイのヒミツ,Master,12,12.3
ただ君に晴れ,Basic,2,2.0
ただ君に晴れ,Advanced,6,6.0
ただ君に晴れ,Expert,8+,8.7
ただ君に晴れ,Master,12,12.2
裏表ラバーズ,Basic,3,3.0
裏表ラバーズ,Advanced,7+,7.7
裏表ラバーズ,Expert,11,11.0
裏表ラバーズ,Master,13+,13.7
LEVEL5-judgelight-,Basic,2,2.0
LEVEL5-judgelight-,Advanced,5,5.0
LEVEL5-judgelight-,Expert,9+,9.7
LEVEL5-judgelight-,Master,12,12.4
フィクサー,Basic,2,2.0
フィクサー,Advanced,6,6.0
フィクサー,Expert,9,9.0
フィクサー,Master,13,13.0
こどものしくみ,Basic,4,4.0
こどものしくみ,Advanced,7+,7.7
こどものしくみ,Expert,11,11.0
こどものしくみ,Master,13,13.1
トーキョーゲットー,Basic,2,2.0
トーキョーゲットー,Advanced,6,6.0
トーキョーゲットー,Expert,10,10.0
トーキョーゲットー,Master,13,13.2
Snow Fairy Story,Basic,2,2.0
Snow Fairy Story,Advanced,5,5.0
Snow Fairy Story,Expert,8+,8.7
Snow Fairy Story,Master,11+,11.7
白い雪のプリンセスは,Basic,3,3.0
白い雪のプリンセスは,Advanced,7,7.0
白い雪のプリンセスは,Expert,10,10.0
白い雪のプリンセスは,Master,12+,12.7
Let's Starry Party！,Basic,4,4.0
Let's Starry Party！,Advanced,7,7.0
Let's Starry Party！,Expert,9+,9.7
Let's Starry Party！,Master,12+,12.8
ジングルベル,Basic,3,3.0
ジングルベル,Advanced,6,6.0
ジングルベル,Expert,8+,8.7
ジングルベル,Master,14,14.0
ジングルベル,Lunatic,13+,13.9
Change Our MIRAI！ (Our 7 Lights),Basic,3,3.0
Change Our MIRAI！ (Our 7 Lights),Advanced,7,7.0
Change Our MIRAI！ (Our 7 Lights),Expert,11,11.0
Change Our MIRAI！ (Our 7 Lights),Master,13,13.0
ライトスピード・デイズ,Basic,3,3.0
ライトスピード・デイズ,Advanced,7,7.0
ライトスピード・デイズ,Expert,10,10.0
ライトスピード・デイズ,Master,13,13.5
猫祭り,Basic,3,3.0
猫祭り,Advanced,6,6.0
猫祭り,Expert,9,9.0
猫祭り,Master,12+,12.8
Heart Cooking Recipe,Basic,3,3.0
Heart Cooking Recipe,Advanced,6,6.0
Heart Cooking Recipe,Expert,10,10.0
Heart Cooking Recipe,Master,13,13.2
Honey Bear,Basic,3,3.0
Honey Bear,Advanced,6,6.0
Honey Bear,Expert,11,11.0
Honey Bear,Master,13+,13.7
"My Soul,Your Beats!",Basic,2,2.0
"My Soul,Your Beats!",Advanced,5,5.0
"My Soul,Your Beats!",Expert,9+,9.7
"My Soul,Your Beats!",Master,12,12.3
愛言葉Ⅲ,Basic,2,2.0
愛言葉Ⅲ,Advanced,6,6.0
愛言葉Ⅲ,Expert,9,9.0
愛言葉Ⅲ,Master,12+,12.7
セツナトリップ,Basic,2,2.0
セツナトリップ,Advanced,6,6.0
セツナトリップ,Expert,10+,10.7
セツナトリップ,Master,13,13.2
ECHO,Basic,2,2.0
ECHO,Advanced,6,6.0
ECHO,Expert,9+,9.7
ECHO,Master,12+,12.8
INSIDE IDENTITY,Basic,4,4.0
INSIDE IDENTITY,Advanced,7,7.0
INSIDE IDENTITY,Expert,9+,9.7
INSIDE IDENTITY,Master,12+,12.8
ヒトリボッチサテライト,Basic,4,4.0
ヒトリボッチサテライト,Advanced,9,9.0
ヒトリボッチサテライト,Expert,12,12.6
ヒトリボッチサテライト,Master,14,14.4
"Good bye, Merry-Go-Round.",Basic,5,5.0
"Good bye, Merry-Go-Round.",Advanced,9+,9.7
"Good bye, Merry-Go-Round.",Expert,12+,12.8
"Good bye, Merry-Go-Round.",Master,14+,14.9
Brave Song,Basic,2,2.0
Brave Song,Advanced,5,5.0
Brave Song,Expert,8,8.0
Brave Song,Master,11+,11.7
Crow Song,Basic,3,3.0
Crow Song,Advanced,6,6.0
Crow Song,Expert,9,9.0
Crow Song,Master,12+,12.7
地球最後の告白を,Basic,3,3.0
地球最後の告白を,Advanced,7,7.0
地球最後の告白を,Expert,10,10.0
地球最後の告白を,Master,13,13.3
Doll Judgment,Basic,4,4.0
Doll Judgment,Advanced,7+,7.7
Doll Judgment,Expert,11,11.0
Doll Judgment,Master,13+,13.7
しゅわスパ大作戦☆,Basic,2,2.0
しゅわスパ大作戦☆,Advanced,6,6.0
しゅわスパ大作戦☆,Expert,9,9.0
しゅわスパ大作戦☆,Master,13,13.2
Duello,Basic,4,4.0
Duello,Advanced,8,8.0
Duello,Expert,12,12.5
Duello,Master,13+,13.8
folern,Basic,4,4.0
folern,Advanced,8,8.0
folern,Expert,11,11.5
folern,Master,14,14.3
Radiance,Basic,3,3.0
Radiance,Advanced,7,7.0
Radiance,Expert,11,11.0
Radiance,Master,13,13.6
shake it！,Basic,2,2.0
shake it！,Advanced,5,5.0
shake it！,Expert,8,8.0
shake it！,Master,12+,12.7
おねがいダーリン,Basic,3,3.0
おねがいダーリン,Advanced,6,6.0
おねがいダーリン,Expert,9+,9.7
おねがいダーリン,Master,12,12.6
BOKUTO,Basic,3,3.0
BOKUTO,Advanced,7,7.0
BOKUTO,Expert,11,11.0
BOKUTO,Master,13,13.6
春擬き,Basic,3,3.0
春擬き,Advanced,6,6.0
春擬き,Expert,9,9.0
春擬き,Master,12,12.2
わたしたち魔法乙女です☆,Basic,4,4.0
わたしたち魔法乙女です☆,Advanced,6,6.0
わたしたち魔法乙女です☆,Expert,9,9.0
わたしたち魔法乙女です☆,Master,12,12.4
ピースサイン,Basic,3,3.0
ピースサイン,Advanced,6,6.0
ピースサイン,Expert,10,10.0
ピースサイン,Master,12+,12.8
Catch the Moment,Basic,3,3.0
Catch the Moment,Advanced,6,6.0
Catch the Moment,Expert,10,10.0
Catch the Moment,Master,13,13.0
ヒャダインのカカカタ☆カタオモイ-C,Basic,4,4.0
ヒャダインのカカカタ☆カタオモイ-C,Advanced,7+,7.7
ヒャダインのカカカタ☆カタオモイ-C,Expert,10,10.0
ヒャダインのカカカタ☆カタオモイ-C,Master,12,12.6
お願いマッスル,Basic,2,2.0
お願いマッスル,Advanced,5,5.0
お願いマッスル,Expert,9,9.0
お願いマッスル,Master,12+,12.9
乙女解剖,Basic,2,2.0
乙女解剖,Advanced,5,5.0
乙女解剖,Expert,8+,8.7
乙女解剖,Master,12,12.0
ドラマツルギー,Basic,2,2.0
ドラマツルギー,Advanced,6,6.0
ドラマツルギー,Expert,9,9.0
ドラマツルギー,Master,13,13.3
メルティランドナイトメア,Basic,2,2.0
メルティランドナイトメア,Advanced,5,5.0
メルティランドナイトメア,Expert,9,9.0
メルティランドナイトメア,Master,12,12.5
疾走あんさんぶる,Basic,4,4.0
疾走あんさんぶる,Advanced,7,7.0
疾走あんさんぶる,Expert,11,11.0
疾走あんさんぶる,Master,13,13.6
Splash Dance!!,Basic,3,3.0
Splash Dance!!,Advanced,7,7.0
Splash Dance!!,Expert,10+,10.7
Splash Dance!!,Master,12+,12.9
Sparkle,Basic,2,2.0
Sparkle,Advanced,6,6.0
Sparkle,Expert,11+,11.7
Sparkle,Master,13+,13.8
Last Kingdom,Basic,2,2.0
Last Kingdom,Advanced,7+,7.7
Last Kingdom,Expert,11+,11.9
Last Kingdom,Master,13+,13.9
Vibes 2k20,Basic,3,3.0
Vibes 2k20,Advanced,7+,7.7
Vibes 2k20,Expert,12+,12.7
Vibes 2k20,Master,13+,13.9
R'N'R Monsta,Basic,4,4.0
R'N'R Monsta,Advanced,8,8.0
R'N'R Monsta,Expert,12,12.5
R'N'R Monsta,Master,14,14.0
どどんぱち大音頭,Lunatic,13+,13.9
SmileAgain,Basic,1,1.0
SmileAgain,Advanced,5,5.0
SmileAgain,Expert,8,8.0
SmileAgain,Master,11+,11.7
Seyana. ～何でも言うことを聞いてくれるアカネチャン～,Basic,3,3.0
Seyana. ～何でも言うことを聞いてくれるアカネチャン～,Advanced,6,6.0
Seyana. ～何でも言うことを聞いてくれるアカネチャン～,Expert,10,10.0
Seyana. ～何でも言うことを聞いてくれるアカネチャン～,Master,13,13.1
エブリデイワールド,Basic,2,2.0
エブリデイワールド,Advanced,5,5.0
エブリデイワールド,Expert,8,8.0
エブリデイワールド,Master,12,12.0
Dreadnought,Basic,4,4.0
Dreadnought,Advanced,8,8.0
Dreadnought,Expert,11,11.0
Dreadnought,Master,13+,13.8
ホシノキズナ,Basic,2,2.0
ホシノキズナ,Advanced,5,5.0
ホシノキズナ,Expert,9,9.0
ホシノキズナ,Master,12,12.4
INDETERMINATE UNIVERSE,Basic,2,2.0
INDETERMINATE UNIVERSE,Advanced,6,6.0
INDETERMINATE UNIVERSE,Expert,9,9.0
INDETERMINATE UNIVERSE,Master,13,13.0
アンドロイドガール,Basic,3,3.0
アンドロイドガール,Advanced,7,7.0
アンドロイドガール,Expert,10,10.0
アンドロイドガール,Master,12+,12.8
チェチェ・チェック・ワンツー！,Basic,3,3.0
チェチェ・チェック・ワンツー！,Advanced,6,6.0
チェチェ・チェック・ワンツー！,Expert,10,10.0
チェチェ・チェック・ワンツー！,Master,12+,12.7
撩乱乙女†無双劇,Basic,4,4.0
撩乱乙女†無双劇,Advanced,7,7.0
撩乱乙女†無双劇,Expert,11,11.0
撩乱乙女†無双劇,Master,13,13.3
Ai Drew,Basic,4,4.0
Ai Drew,Advanced,8,8.0
Ai Drew,Expert,12,12.3
Ai Drew,Master,13+,13.9
Deep-Connect,Basic,3,3.0
Deep-Connect,Advanced,6,6.0
Deep-Connect,Expert,9,9.0
Deep-Connect,Master,12+,12.7
Contrail ～軌跡～,Basic,3,3.0
Contrail ～軌跡～,Advanced,6,6.0
Contrail ～軌跡～,Expert,9,9.0
Contrail ～軌跡～,Master,12,12.2
物凄い狂っとるフランちゃんが物凄いうた,Basic,3,3.0
物凄い狂っとるフランちゃんが物凄いうた,Advanced,7,7.0
物凄い狂っとるフランちゃんが物凄いうた,Expert,11,11.0
物凄い狂っとるフランちゃんが物凄いうた,Master,13,13.4
otorii INNOVATED -[i]3-,Basic,5,5.0
otorii INNOVATED -[i]3-,Advanced,9,9.0
otorii INNOVATED -[i]3-,Expert,12,12.4
otorii INNOVATED -[i]3-,Master,14+,14.7
ぱくぱく☆がーる,Basic,2,2.0
ぱくぱく☆がーる,Advanced,6,6.0
ぱくぱく☆がーる,Expert,9,9.0
ぱくぱく☆がーる,Master,13,13.0
DAWNBREAKER,Basic,3,3.0
DAWNBREAKER,Advanced,8,8.0
DAWNBREAKER,Expert,11+,11.7
DAWNBREAKER,Master,13,13.6
アマツカミ,Basic,4,4.0
アマツカミ,Advanced,7,7.0
アマツカミ,Expert,11,11.0
アマツカミ,Master,13+,13.8
セガサターン起動音[H.][Remix],Lunatic,0,0.0
進め！マイウェイ！,Basic,2,2.0
進め！マイウェイ！,Advanced,5,5.0
進め！マイウェイ！,Expert,9,9.0
進め！マイウェイ！,Master,12,12.3
Galaxy Blaster,Basic,5,5.0
Galaxy Blaster,Advanced,8,8.0
Galaxy Blaster,Expert,12,12.3
Galaxy Blaster,Master,14,14.3
Trinity Departure,Basic,3,3.0
Trinity Departure,Advanced,7,7.0
Trinity Departure,Expert,12,12.1
Trinity Departure,Master,13+,13.9
ハッピータイフーン,Basic,2,2.0
ハッピータイフーン,Advanced,6,6.0
ハッピータイフーン,Expert,9,9.0
ハッピータイフーン,Master,12,12.5
ハッピータイフーン,Lunatic,13+,13.9
Purple Rays,Basic,2,2.0
Purple Rays,Advanced,5,5.0
Purple Rays,Expert,9,9.0
Purple Rays,Master,12+,12.7
Stage of Star,Basic,4,4.0
Stage of Star,Advanced,6,6.0
Stage of Star,Expert,9+,9.7
Stage of Star,Master,13,13.3
Catch the Wave,Basic,2,2.0
Catch the Wave,Advanced,6,6.0
Catch the Wave,Expert,8+,8.7
Catch the Wave,Master,12+,12.7
Believe,Basic,4,4.0
Believe,Advanced,7,7.0
Believe,Expert,9,9.0
Believe,Master,12,12.5
Nameless Story,Basic,3,3.0
Nameless Story,Advanced,7,7.0
Nameless Story,Expert,10+,10.7
Nameless Story,Master,13,13.0
リトルソルジャー,Basic,2,2.0
リトルソルジャー,Advanced,6,6.0
リトルソルジャー,Expert,9,9.0
リトルソルジャー,Master,12,12.4
でらっくmaimai♪てんてこまい!,Basic,3,3.0
でらっくmaimai♪てんてこまい!,Advanced,7,7.0
でらっくmaimai♪てんてこまい!,Expert,9+,9.7
でらっくmaimai♪てんてこまい!,Master,12+,12.9
Summer is over,Basic,3,3.0
Summer is over,Advanced,7,7.0
Summer is over,Expert,11,11.0
Summer is over,Master,13+,13.8
夏色花火,Basic,1,1.0
夏色花火,Advanced,5,5.0
夏色花火,Expert,8,8.0
夏色花火,Master,12,12.1
Hand in Hand,Basic,2,2.0
Hand in Hand,Advanced,5,5.0
Hand in Hand,Expert,8,8.0
Hand in Hand,Master,11+,11.7
アンノウン・マザーグース,Basic,4,4.0
アンノウン・マザーグース,Advanced,7,7.0
アンノウン・マザーグース,Expert,11,11.0
アンノウン・マザーグース,Master,13,13.4
スイートマジック,Basic,2,2.0
スイートマジック,Advanced,5,5.0
スイートマジック,Expert,8+,8.7
スイートマジック,Master,12+,12.8
超常マイマイン,Basic,3,3.0
超常マイマイン,Advanced,7,7.0
超常マイマイン,Expert,10+,10.7
超常マイマイン,Master,13,13.2
絆はずっとGrowing Up!!!,Basic,4,4.0
絆はずっとGrowing Up!!!,Advanced,6,6.0
絆はずっとGrowing Up!!!,Expert,10,10.0
絆はずっとGrowing Up!!!,Master,12+,12.7
AstrøNotes.,Basic,5,5.0
AstrøNotes.,Advanced,8+,8.7
AstrøNotes.,Expert,12,12.6
AstrøNotes.,Master,14+,14.7
深海のリトルクライ feat. 土岐麻子,Basic,3,3.0
深海のリトルクライ feat. 土岐麻子,Advanced,6,6.0
深海のリトルクライ feat. 土岐麻子,Expert,11,11.0
深海のリトルクライ feat. 土岐麻子,Master,13,13.5
Air,Basic,3,3.0
Air,Advanced,8,8.0
Air,Expert,12,12.2
Air,Master,14,14.3
Destr0yer,Basic,2,2.0
Destr0yer,Advanced,7+,7.7
Destr0yer,Expert,11,11.0
Destr0yer,Master,13+,13.7
NATSUKAGE-夏陰-,Basic,2,2.0
NATSUKAGE-夏陰-,Advanced,5,5.0
NATSUKAGE-夏陰-,Expert,8,8.0
NATSUKAGE-夏陰-,Master,12,12.1
"Snow in ""I love you""",Basic,2,2.0
"Snow in ""I love you""",Advanced,5,5.0
"Snow in ""I love you""",Expert,8,8.0
"Snow in ""I love you""",Master,12,12.6
ルナティックレッドアイズ,Basic,3,3.0
ルナティックレッドアイズ,Advanced,6,6.0
ルナティックレッドアイズ,Expert,10+,10.7
ルナティックレッドアイズ,Master,12+,12.9
花たちに希望を,Basic,3,3.0
花たちに希望を,Advanced,7,7.0
花たちに希望を,Expert,11,11.0
花たちに希望を,Master,13,13.5
ベースラインやってる？笑,Basic,2,2.0
ベースラインやってる？笑,Advanced,5,5.0
ベースラインやってる？笑,Expert,10,10.0
ベースラインやってる？笑,Master,13,13.4
End Time,Basic,4,4.0
End Time,Advanced,8,8.0
End Time,Expert,13,13.2
End Time,Master,14,14.6
Genesis,Basic,3,3.0
Genesis,Advanced,8,8.0
Genesis,Expert,12,12.4
Genesis,Master,14,14.2
Glorious Crown (tpz over-Over-OVERCUTE REMIX),Basic,5,5.0
Glorious Crown (tpz over-Over-OVERCUTE REMIX),Advanced,8+,8.7
Glorious Crown (tpz over-Over-OVERCUTE REMIX),Expert,12+,12.9
Glorious Crown (tpz over-Over-OVERCUTE REMIX),Master,14,14.5
Iudicium “Apocalypsis Mix”,Basic,3,3.0
Iudicium “Apocalypsis Mix”,Advanced,6,6.0
Iudicium “Apocalypsis Mix”,Expert,11,11.0
Iudicium “Apocalypsis Mix”,Master,13,13.2
My First Phone,Lunatic,0,0.0
luna blu,Lunatic,14,14.6
ナンセンス文学,Basic,3,3.0
ナンセンス文学,Advanced,6,6.0
ナンセンス文学,Expert,10,10.0
ナンセンス文学,Master,13,13.3
スン(マイル)フラワー～Sun(Mile)Flower,Basic,2,2.0
スン(マイル)フラワー～Sun(Mile)Flower,Advanced,7,7.0
スン(マイル)フラワー～Sun(Mile)Flower,Expert,9,9.0
スン(マイル)フラワー～Sun(Mile)Flower,Master,12+,12.7
いぇす！ゆゆゆ☆ゆるゆり♪♪,Basic,3,3.0
いぇす！ゆゆゆ☆ゆるゆり♪♪,Advanced,6,6.0
いぇす！ゆゆゆ☆ゆるゆり♪♪,Expert,9+,9.7
いぇす！ゆゆゆ☆ゆるゆり♪♪,Master,12,12.5
100%ちゅ～学生,Basic,4,4.0
100%ちゅ～学生,Advanced,7,7.0
100%ちゅ～学生,Expert,10,10.0
100%ちゅ～学生,Master,13,13.2
ヒトガタ,Basic,2,2.0
ヒトガタ,Advanced,6,6.0
ヒトガタ,Expert,9,9.0
ヒトガタ,Master,13,13.4
Singularity,Basic,5,5.0
Singularity,Advanced,9,9.0
Singularity,Expert,13,13.5
Singularity,Master,14+,14.8
脳天直撃,Basic,5,5.0
脳天直撃,Advanced,9+,9.7
脳天直撃,Expert,13,13.4
脳天直撃,Master,14+,14.9
ゆるゆり、てんやわんや☆,Basic,3,3.0
ゆるゆり、てんやわんや☆,Advanced,6,6.0
ゆるゆり、てんやわんや☆,Expert,9,9.0
ゆるゆり、てんやわんや☆,Master,12+,12.8
スパッと！スパイ＆スパイス,Basic,2,2.0
スパッと！スパイ＆スパイス,Advanced,6,6.0
スパッと！スパイ＆スパイス,Expert,10+,10.7
スパッと！スパイ＆スパイス,Master,13,13.5
felys -final remix-,Basic,3,3.0
felys -final remix-,Advanced,8,8.0
felys -final remix-,Expert,11+,11.7
felys -final remix-,Master,14,14.1
Jörqer,Basic,2,2.0
Jörqer,Advanced,5,5.0
Jörqer,Expert,10,10.0
Jörqer,Master,13,13.6
PinqPiq (xovevox Remix),Basic,3,3.0
PinqPiq (xovevox Remix),Advanced,7,7.0
PinqPiq (xovevox Remix),Expert,12,12.1
PinqPiq (xovevox Remix),Master,14,14.1
カラフル,Basic,3,3.0
カラフル,Advanced,6,6.0
カラフル,Expert,9,9.0
カラフル,Master,12,12.4
Forever Friends,Basic,3,3.0
Forever Friends,Advanced,6,6.0
Forever Friends,Expert,9,9.0
Forever Friends,Master,12,12.4
紅蓮華,Basic,2,2.0
紅蓮華,Advanced,5,5.0
紅蓮華,Expert,9,9.0
紅蓮華,Master,12,12.2
Phantom Joke,Basic,4,4.0
Phantom Joke,Advanced,7+,7.7
Phantom Joke,Expert,11,11.0
Phantom Joke,Master,13,13.5
ふわふわ時間(タイム),Basic,3,3.0
ふわふわ時間(タイム),Advanced,5,5.0
ふわふわ時間(タイム),Expert,9,9.0
ふわふわ時間(タイム),Master,12+,12.7
侵略ノススメ☆,Basic,3,3.0
侵略ノススメ☆,Advanced,7,7.0
侵略ノススメ☆,Expert,10,10.0
侵略ノススメ☆,Master,12+,12.9
五等分の気持ち,Basic,2,2.0
五等分の気持ち,Advanced,6,6.0
五等分の気持ち,Expert,9,9.0
五等分の気持ち,Master,12,12.1
だれかの心臓になれたなら,Basic,2,2.0
だれかの心臓になれたなら,Advanced,6,6.0
だれかの心臓になれたなら,Expert,9+,9.7
だれかの心臓になれたなら,Master,12+,12.9
テオ,Basic,3,3.0
テオ,Advanced,7,7.0
テオ,Expert,10+,10.7
テオ,Master,13,13.0
ベノム,Basic,2,2.0
ベノム,Advanced,6,6.0
ベノム,Expert,10,10.0
ベノム,Master,12+,12.8
ナイト・オブ・ナイツ (xi Remix),Basic,4,4.0
ナイト・オブ・ナイツ (xi Remix),Advanced,8,8.0
ナイト・オブ・ナイツ (xi Remix),Expert,11+,11.7
ナイト・オブ・ナイツ (xi Remix),Master,14,14.0
Sound Chimera,Basic,5,5.0
Sound Chimera,Advanced,8+,8.7
Sound Chimera,Expert,12+,12.8
Sound Chimera,Master,14,14.2
雷切-RAIKIRI-,Basic,3,3.0
雷切-RAIKIRI-,Advanced,8,8.0
雷切-RAIKIRI-,Expert,12+,12.7
雷切-RAIKIRI-,Master,14,14.4
No Limit RED Force,Basic,2,2.0
No Limit RED Force,Advanced,6,6.0
No Limit RED Force,Expert,9,9.0
No Limit RED Force,Master,12+,12.7
No Limit RED Force,Lunatic,13+,13.8
Glitter-Glitter,Basic,2,2.0
Glitter-Glitter,Advanced,5,5.0
Glitter-Glitter,Expert,10,10.0
Glitter-Glitter,Master,13,13.0
ウキウキ☆Candy!,Basic,2,2.0
ウキウキ☆Candy!,Advanced,5,5.0
ウキウキ☆Candy!,Expert,10+,10.7
ウキウキ☆Candy!,Master,13,13.1
All Right!,Basic,3,3.0
All Right!,Advanced,7+,7.7
All Right!,Expert,11,11.0
All Right!,Master,13,13.6
RED to RED,Basic,4,4.0
RED to RED,Advanced,8,8.0
RED to RED,Expert,12,12.2
RED to RED,Master,13+,13.7
Daydreama,Basic,4,4.0
Daydreama,Advanced,8,8.0
Daydreama,Expert,12,12.0
Daydreama,Master,14,14.1
Lostwizz,Basic,3,3.0
Lostwizz,Advanced,7+,7.7
Lostwizz,Expert,11+,11.7
Lostwizz,Master,13+,13.7
Stargazing Dreamer,Basic,5,5.0
Stargazing Dreamer,Advanced,9+,9.7
Stargazing Dreamer,Expert,13,13.4
Stargazing Dreamer,Master,14,14.3
STARTLINER -星咲 あかりソロver.-,Basic,2,2.0
STARTLINER -星咲 あかりソロver.-,Advanced,5,5.0
STARTLINER -星咲 あかりソロver.-,Expert,8+,8.7
STARTLINER -星咲 あかりソロver.-,Master,11,11.0
STARTLINER -藤沢 柚子ソロver.-,Basic,2,2.0
STARTLINER -藤沢 柚子ソロver.-,Advanced,5,5.0
STARTLINER -藤沢 柚子ソロver.-,Expert,8+,8.7
STARTLINER -藤沢 柚子ソロver.-,Master,11,11.0
STARTLINER -三角 葵ソロver.-,Basic,2,2.0
STARTLINER -三角 葵ソロver.-,Advanced,5,5.0
STARTLINER -三角 葵ソロver.-,Expert,8+,8.7
STARTLINER -三角 葵ソロver.-,Master,11,11.0
東亞 -O.N.G.E.K.I. MIX-,Lunatic,13+,13.8
Oshama Scramble! (Cranky Remix),Basic,4,4.0
Oshama Scramble! (Cranky Remix),Advanced,8+,8.7
Oshama Scramble! (Cranky Remix),Expert,11,11.0
Oshama Scramble! (Cranky Remix),Master,14,14.1
コネクト,Basic,3,3.0
コネクト,Advanced,5,5.0
コネクト,Expert,9,9.0
コネクト,Master,12,12.5
beautiful tomorrow,Basic,2,2.0
beautiful tomorrow,Advanced,6,6.0
beautiful tomorrow,Expert,9+,9.7
beautiful tomorrow,Master,12,12.3
Shiny Smily Story,Basic,3,3.0
Shiny Smily Story,Advanced,7,7.0
Shiny Smily Story,Expert,9+,9.7
Shiny Smily Story,Master,12,12.5
よいまちカンターレ,Basic,3,3.0
よいまちカンターレ,Advanced,7,7.0
よいまちカンターレ,Expert,10,10.0
よいまちカンターレ,Master,13,13.3
ガヴリールドロップキック,Basic,3,3.0
ガヴリールドロップキック,Advanced,6,6.0
ガヴリールドロップキック,Expert,9+,9.7
ガヴリールドロップキック,Master,13,13.2
Jack-the-Ripper◆,Basic,5,5.0
Jack-the-Ripper◆,Advanced,8,8.0
Jack-the-Ripper◆,Expert,12,12.1
Jack-the-Ripper◆,Master,14,14.3
ツクヨミステップ,Basic,3,3.0
ツクヨミステップ,Advanced,7,7.0
ツクヨミステップ,Expert,10,10.0
ツクヨミステップ,Master,13,13.5
反撃! 突撃! Back To Back!,Basic,2,2.0
反撃! 突撃! Back To Back!,Advanced,7,7.0
反撃! 突撃! Back To Back!,Expert,9+,9.7
反撃! 突撃! Back To Back!,Master,13,13.2
進化系Colors,Basic,3,3.0
進化系Colors,Advanced,7,7.0
進化系Colors,Expert,9+,9.7
進化系Colors,Master,12,12.4
この番組はうら若き公務員たちの提供でお送りいたします,Basic,2,2.0
この番組はうら若き公務員たちの提供でお送りいたします,Advanced,6,6.0
この番組はうら若き公務員たちの提供でお送りいたします,Expert,9,9.0
この番組はうら若き公務員たちの提供でお送りいたします,Master,13+,13.7
宛城、炎上！！,Basic,5,5.0
宛城、炎上！！,Advanced,8,8.0
宛城、炎上！！,Expert,12,12.5
宛城、炎上！！,Master,14,14.4
絶対にチョコミントを食べるアオイチャン,Basic,3,3.0
絶対にチョコミントを食べるアオイチャン,Advanced,6,6.0
絶対にチョコミントを食べるアオイチャン,Expert,10,10.0
絶対にチョコミントを食べるアオイチャン,Master,12+,12.7
イカサマライフゲイム,Basic,4,4.0
イカサマライフゲイム,Advanced,7,7.0
イカサマライフゲイム,Expert,11,11.0
イカサマライフゲイム,Master,13,13.6
名探偵連続殺人事件,Basic,2,2.0
名探偵連続殺人事件,Advanced,6,6.0
名探偵連続殺人事件,Expert,9,9.0
名探偵連続殺人事件,Master,12,12.5
キミは“見ていたね”？,Basic,3,3.0
キミは“見ていたね”？,Advanced,6,6.0
キミは“見ていたね”？,Expert,9,9.0
キミは“見ていたね”？,Master,12,12.4
LiftOff,Basic,2,2.0
LiftOff,Advanced,8,8.0
LiftOff,Expert,11+,11.7
LiftOff,Master,14,14.1
ナイト・オブ・ナイツ (かめりあ’s“ワンス・アポン・ア・ナイト”Remix),Basic,4,4.0
ナイト・オブ・ナイツ (かめりあ’s“ワンス・アポン・ア・ナイト”Remix),Advanced,8,8.0
ナイト・オブ・ナイツ (かめりあ’s“ワンス・アポン・ア・ナイト”Remix),Expert,12,12.2
ナイト・オブ・ナイツ (かめりあ’s“ワンス・アポン・ア・ナイト”Remix),Master,13+,13.9
Reach for the Stars,Basic,4,4.0
Reach for the Stars,Advanced,7+,7.7
Reach for the Stars,Expert,10+,10.7
Reach for the Stars,Master,13+,13.8
ヤミツキ,Basic,3,3.0
ヤミツキ,Advanced,7+,7.7
ヤミツキ,Expert,11,11.0
ヤミツキ,Master,12+,12.9
Sign,Basic,1,1.0
Sign,Advanced,5,5.0
Sign,Expert,9,9.0
Sign,Master,12,12.5
Over Voltage,Basic,3,3.0
Over Voltage,Advanced,7,7.0
Over Voltage,Expert,9+,9.7
Over Voltage,Master,12+,12.8
FLUFFY FLASH,Basic,5,5.0
FLUFFY FLASH,Advanced,9,9.0
FLUFFY FLASH,Expert,13,13.1
FLUFFY FLASH,Master,14+,14.7
Let's Starry Party！ -高瀬 梨緒ソロver.-,Basic,4,4.0
Let's Starry Party！ -高瀬 梨緒ソロver.-,Advanced,7,7.0
Let's Starry Party！ -高瀬 梨緒ソロver.-,Expert,9+,9.7
Let's Starry Party！ -高瀬 梨緒ソロver.-,Master,12+,12.7
Let's Starry Party！ -結城 莉玖ソロver.-,Basic,4,4.0
Let's Starry Party！ -結城 莉玖ソロver.-,Advanced,7,7.0
Let's Starry Party！ -結城 莉玖ソロver.-,Expert,9+,9.7
Let's Starry Party！ -結城 莉玖ソロver.-,Master,12+,12.7
Let's Starry Party！ -藍原 椿ソロver.-,Basic,4,4.0
Let's Starry Party！ -藍原 椿ソロver.-,Advanced,7,7.0
Let's Starry Party！ -藍原 椿ソロver.-,Expert,9+,9.7
Let's Starry Party！ -藍原 椿ソロver.-,Master,12+,12.7
聖少女サクリファイス,Basic,3,3.0
聖少女サクリファイス,Advanced,5,5.0
聖少女サクリファイス,Expert,9,9.0
聖少女サクリファイス,Master,12+,12.8
LOVERS,Basic,3,3.0
LOVERS,Advanced,6,6.0
LOVERS,Expert,10,10.0
LOVERS,Master,12,12.6
Satori ～3rd EyEs (2020 Recall),Basic,4,4.0
Satori ～3rd EyEs (2020 Recall),Advanced,7,7.0
Satori ～3rd EyEs (2020 Recall),Expert,11,11.0
Satori ～3rd EyEs (2020 Recall),Master,14,14.2
Paranoia,Basic,2,2.0
Paranoia,Advanced,6,6.0
Paranoia,Expert,10+,10.7
Paranoia,Master,13,13.4
愛されなくても君がいる,Basic,2,2.0
愛されなくても君がいる,Advanced,6,6.0
愛されなくても君がいる,Expert,9+,9.7
愛されなくても君がいる,Master,12,12.3
Singularity,Basic,4,4.0
Singularity,Advanced,8,8.0
Singularity,Expert,11,11.0
Singularity,Master,14,14.2
Grievous Lady,Basic,5,5.0
Grievous Lady,Advanced,9,9.0
Grievous Lady,Expert,12,12.1
Grievous Lady,Master,14,14.4
迷える音色は恋の唄,Basic,3,3.0
迷える音色は恋の唄,Advanced,7+,7.7
迷える音色は恋の唄,Expert,11,11.0
迷える音色は恋の唄,Master,13,13.6
Burning Steel Inferno,Basic,2,2.0
Burning Steel Inferno,Advanced,7+,7.7
Burning Steel Inferno,Expert,11,11.0
Burning Steel Inferno,Master,13,13.5
Red and Blue and Green,Lunatic,0,0.0
ビターチョコデコレーション,Basic,3,3.0
ビターチョコデコレーション,Advanced,7,7.0
ビターチョコデコレーション,Expert,9,9.0
ビターチョコデコレーション,Master,12,12.5
ウミユリ海底譚,Basic,2,2.0
ウミユリ海底譚,Advanced,6,6.0
ウミユリ海底譚,Expert,9+,9.7
ウミユリ海底譚,Master,12,12.5
YAMINABE☆PANIC ～ご馳走詰め込みフルコース～,Basic,4,4.0
YAMINABE☆PANIC ～ご馳走詰め込みフルコース～,Advanced,7+,7.7
YAMINABE☆PANIC ～ご馳走詰め込みフルコース～,Expert,9+,9.7
YAMINABE☆PANIC ～ご馳走詰め込みフルコース～,Master,13,13.3
Falsum Atlantis.,Basic,4,4.0
Falsum Atlantis.,Advanced,9,9.0
Falsum Atlantis.,Expert,13,13.3
Falsum Atlantis.,Master,14+,14.9
Don't Fight The Music,Basic,5,5.0
Don't Fight The Music,Advanced,9+,9.7
Don't Fight The Music,Expert,13,13.4
Don't Fight The Music,Master,14+,14.9
タイムマシン,Basic,2,2.0
タイムマシン,Advanced,5,5.0
タイムマシン,Expert,9,9.0
タイムマシン,Master,12,12.1
ツギハギスタッカート,Basic,2,2.0
ツギハギスタッカート,Advanced,5,5.0
ツギハギスタッカート,Expert,9,9.0
ツギハギスタッカート,Master,12+,12.7
Climax,Basic,4,4.0
Climax,Advanced,8,8.0
Climax,Expert,11+,11.7
Climax,Master,14,14.5
STORIA,Basic,4,4.0
STORIA,Advanced,6,6.0
STORIA,Expert,10,10.0
STORIA,Master,13,13.1
カナリア,Basic,3,3.0
カナリア,Advanced,7+,7.7
カナリア,Expert,11,11.0
カナリア,Master,14,14.0
太陽系デスコ,Basic,2,2.0
太陽系デスコ,Advanced,5,5.0
太陽系デスコ,Expert,9,9.0
太陽系デスコ,Master,12,12.3
天狗の落とし文 feat. ｙｔｒ,Basic,2,2.0
天狗の落とし文 feat. ｙｔｒ,Advanced,6,6.0
天狗の落とし文 feat. ｙｔｒ,Expert,11,11.0
天狗の落とし文 feat. ｙｔｒ,Master,13,13.5
明星ロケット,Basic,3,3.0
明星ロケット,Advanced,6,6.0
明星ロケット,Expert,9,9.0
明星ロケット,Master,12+,12.8
fulgente (flip-side color mix),Basic,3,3.0
fulgente (flip-side color mix),Advanced,8+,8.7
fulgente (flip-side color mix),Expert,11,11.0
fulgente (flip-side color mix),Master,13,13.5
Kiss Me Kiss -桜井 春菜ソロver.-,Basic,2,2.0
Kiss Me Kiss -桜井 春菜ソロver.-,Advanced,6,6.0
Kiss Me Kiss -桜井 春菜ソロver.-,Expert,9+,9.7
Kiss Me Kiss -桜井 春菜ソロver.-,Master,12+,12.7
Kiss Me Kiss -早乙女 彩華ソロver.-,Basic,2,2.0
Kiss Me Kiss -早乙女 彩華ソロver.-,Advanced,6,6.0
Kiss Me Kiss -早乙女 彩華ソロver.-,Expert,9+,9.7
Kiss Me Kiss -早乙女 彩華ソロver.-,Master,12+,12.7
クライングハート,Basic,3,3.0
クライングハート,Advanced,6,6.0
クライングハート,Expert,9+,9.7
クライングハート,Master,12,12.3
吉原ラメント,Basic,3,3.0
吉原ラメント,Advanced,7,7.0
吉原ラメント,Expert,10+,10.7
吉原ラメント,Master,13,13.1
スクランブル交際,Basic,2,2.0
スクランブル交際,Advanced,7+,7.7
スクランブル交際,Expert,10,10.0
スクランブル交際,Master,13,13.0
"Ruler Count, Zero",Basic,3,3.0
"Ruler Count, Zero",Advanced,8,8.0
"Ruler Count, Zero",Expert,11+,11.7
"Ruler Count, Zero",Master,13+,13.9
Say Goodbye,Basic,2,2.0
Say Goodbye,Advanced,7,7.0
Say Goodbye,Expert,10+,10.7
Say Goodbye,Master,13,13.6
だから僕は音楽を辞めた,Basic,2,2.0
だから僕は音楽を辞めた,Advanced,5,5.0
だから僕は音楽を辞めた,Expert,9,9.0
だから僕は音楽を辞めた,Master,12+,12.9
命に嫌われている,Basic,4,4.0
命に嫌われている,Advanced,7,7.0
命に嫌われている,Expert,10+,10.7
命に嫌われている,Master,12+,12.7
SAKURAスキップ,Basic,3,3.0
SAKURAスキップ,Advanced,7,7.0
SAKURAスキップ,Expert,9,9.0
SAKURAスキップ,Master,12,12.2
JUMPin' JUMP UP!!!!,Basic,3,3.0
JUMPin' JUMP UP!!!!,Advanced,6,6.0
JUMPin' JUMP UP!!!!,Expert,9+,9.7
JUMPin' JUMP UP!!!!,Master,12,12.5
ワタシConnect*,Basic,2,2.0
ワタシConnect*,Advanced,6,6.0
ワタシConnect*,Expert,10,10.0
ワタシConnect*,Master,12+,12.9
Bad Apple!! feat.nomico (豚乙女 Ver.),Basic,2,2.0
Bad Apple!! feat.nomico (豚乙女 Ver.),Advanced,7,7.0
Bad Apple!! feat.nomico (豚乙女 Ver.),Expert,9,9.0
Bad Apple!! feat.nomico (豚乙女 Ver.),Master,13,13.6
See The Light,Basic,2,2.0
See The Light,Advanced,7+,7.7
See The Light,Expert,12,12.5
See The Light,Master,14,14.1
美夜月鏡,Basic,5,5.0
美夜月鏡,Advanced,9,9.0
美夜月鏡,Expert,13,13.0
美夜月鏡,Master,14,14.4
藍の華,Basic,4,4.0
藍の華,Advanced,7+,7.7
藍の華,Expert,10+,10.7
藍の華,Master,13+,13.7
サクライロフワリ,Basic,2,2.0
サクライロフワリ,Advanced,5,5.0
サクライロフワリ,Expert,9+,9.7
サクライロフワリ,Master,13,13.0
larva,Basic,4,4.0
larva,Advanced,9,9.0
larva,Expert,12+,12.7
larva,Master,14+,14.7
Viyella's Scream,Basic,5,5.0
Viyella's Scream,Advanced,9,9.0
Viyella's Scream,Expert,13,13.2
Viyella's Scream,Master,14+,14.8
天空カフェテリア,Basic,3,3.0
天空カフェテリア,Advanced,6,6.0
天空カフェテリア,Expert,9,9.0
天空カフェテリア,Master,12,12.3
LINK,Basic,2,2.0
LINK,Advanced,5,5.0
LINK,Expert,9,9.0
LINK,Master,12+,12.8
初恋は君色メモリー,Basic,2,2.0
初恋は君色メモリー,Advanced,6,6.0
初恋は君色メモリー,Expert,9,9.0
初恋は君色メモリー,Master,12,12.2
Realize,Basic,4,4.0
Realize,Advanced,7+,7.7
Realize,Expert,10+,10.7
Realize,Master,13,13.2
JOINT,Basic,3,3.0
JOINT,Advanced,7,7.0
JOINT,Expert,10,10.0
JOINT,Master,12+,12.8
秒針を噛む,Basic,2,2.0
秒針を噛む,Advanced,5,5.0
秒針を噛む,Expert,9,9.0
秒針を噛む,Master,12,12.3
ワールズエンド・ダンスホール,Basic,3,3.0
ワールズエンド・ダンスホール,Advanced,7,7.0
ワールズエンド・ダンスホール,Expert,10,10.0
ワールズエンド・ダンスホール,Master,13,13.3
心予報,Basic,2,2.0
心予報,Advanced,6,6.0
心予報,Expert,9,9.0
心予報,Master,12+,12.8
Henceforth,Basic,3,3.0
Henceforth,Advanced,6,6.0
Henceforth,Expert,9+,9.7
Henceforth,Master,12,12.2
ロストワードクロニカル,Basic,3,3.0
ロストワードクロニカル,Advanced,7,7.0
ロストワードクロニカル,Expert,11,11.0
ロストワードクロニカル,Master,13,13.5
Altale,Basic,3,3.0
Altale,Advanced,7,7.0
Altale,Expert,10+,10.7
Altale,Master,14,14.2
BBBLOW -rebuild-,Basic,3,3.0
BBBLOW -rebuild-,Advanced,7,7.0
BBBLOW -rebuild-,Expert,10+,10.7
BBBLOW -rebuild-,Master,14,14.0
QZKago Requiem,Basic,5,5.0
QZKago Requiem,Advanced,9+,9.7
QZKago Requiem,Expert,13,13.0
QZKago Requiem,Master,14+,14.7
STARRED HEART,Basic,2,2.0
STARRED HEART,Advanced,6,6.0
STARRED HEART,Expert,11,11.0
STARRED HEART,Master,12+,12.8
STARRED HEART,Lunatic,11,11.0
最っ高のエンタメだ!!,Basic,5,5.0
最っ高のエンタメだ!!,Advanced,7+,7.7
最っ高のエンタメだ!!,Expert,12,12.3
最っ高のエンタメだ!!,Master,13+,13.8
Random Access Emotions,Basic,3,3.0
Random Access Emotions,Advanced,8,8.0
Random Access Emotions,Expert,11,11.0
Random Access Emotions,Master,13,13.6
A Day in the Patisserie,Basic,4,4.0
A Day in the Patisserie,Advanced,8,8.0
A Day in the Patisserie,Expert,11+,11.7
A Day in the Patisserie,Master,13+,13.8
Daredevil Glaive,Basic,4,4.0
Daredevil Glaive,Advanced,8,8.0
Daredevil Glaive,Expert,11,11.0
Daredevil Glaive,Master,14,14.1
Adverse Gaff,Basic,4,4.0
Adverse Gaff,Advanced,9,9.0
Adverse Gaff,Expert,12,12.1
Adverse Gaff,Master,14+,14.7
ポケットからぬりつぶせ！ -日向 千夏ソロver.-,Basic,2,2.0
ポケットからぬりつぶせ！ -日向 千夏ソロver.-,Advanced,5,5.0
ポケットからぬりつぶせ！ -日向 千夏ソロver.-,Expert,8+,8.7
ポケットからぬりつぶせ！ -日向 千夏ソロver.-,Master,12,12.0
ポケットからぬりつぶせ！ -柏木 美亜ソロver.-,Basic,2,2.0
ポケットからぬりつぶせ！ -柏木 美亜ソロver.-,Advanced,5,5.0
ポケットからぬりつぶせ！ -柏木 美亜ソロver.-,Expert,8+,8.7
ポケットからぬりつぶせ！ -柏木 美亜ソロver.-,Master,12,12.0
ポケットからぬりつぶせ！ -東雲 つむぎソロver.-,Basic,2,2.0
ポケットからぬりつぶせ！ -東雲 つむぎソロver.-,Advanced,5,5.0
ポケットからぬりつぶせ！ -東雲 つむぎソロver.-,Expert,8+,8.7
ポケットからぬりつぶせ！ -東雲 つむぎソロver.-,Master,12,12.0
Fly to the Leaden Sky -O.N.G.E.K.I. MIX-,Lunatic,14,14.0
Singularity,Basic,3,3.0
Singularity,Advanced,7,7.0
Singularity,Expert,11,11.0
Singularity,Master,13+,13.9
セガNET麻雀MJ -O.N.G.E.K.I. MIX-,Lunatic,14,14.1
BATTLE NO.1,Basic,5,5.0
BATTLE NO.1,Advanced,9,9.0
BATTLE NO.1,Expert,13,13.3
BATTLE NO.1,Master,14,14.6
Daydream café,Basic,2,2.0
Daydream café,Advanced,6,6.0
Daydream café,Expert,9,9.0
Daydream café,Master,12+,12.8
Virtual to LIVE,Basic,3,3.0
Virtual to LIVE,Advanced,6,6.0
Virtual to LIVE,Expert,9,9.0
Virtual to LIVE,Master,13,13.1
シャッキーーン！！,Basic,3,3.0
シャッキーーン！！,Advanced,8,8.0
シャッキーーン！！,Expert,11+,11.7
シャッキーーン！！,Master,14,14.0
ラクガキスト,Basic,4,4.0
ラクガキスト,Advanced,9,9.0
ラクガキスト,Expert,12,12.0
ラクガキスト,Master,14,14.5
ボッカデラベリタ,Basic,4,4.0
ボッカデラベリタ,Advanced,7,7.0
ボッカデラベリタ,Expert,10,10.0
ボッカデラベリタ,Master,13,13.4
あの世行きのバスに乗ってさらば。,Basic,2,2.0
あの世行きのバスに乗ってさらば。,Advanced,7,7.0
あの世行きのバスに乗ってさらば。,Expert,10,10.0
あの世行きのバスに乗ってさらば。,Master,12+,12.9
僕たちの旅とエピローグ。,Basic,4,4.0
僕たちの旅とエピローグ。,Advanced,8+,8.7
僕たちの旅とエピローグ。,Expert,11,11.0
僕たちの旅とエピローグ。,Master,13+,13.7
四月の雨,Basic,1,1.0
四月の雨,Advanced,7,7.0
四月の雨,Expert,11+,11.7
四月の雨,Master,13+,13.9
無敵のフロンティア三銃士,Basic,3,3.0
無敵のフロンティア三銃士,Advanced,7+,7.7
無敵のフロンティア三銃士,Expert,9+,9.7
無敵のフロンティア三銃士,Master,13,13.2
colorful transparency,Basic,2,2.0
colorful transparency,Advanced,8,8.0
colorful transparency,Expert,12,12.2
colorful transparency,Master,13+,13.9
Ahoy!! 我ら宝鐘海賊団☆,Basic,3,3.0
Ahoy!! 我ら宝鐘海賊団☆,Advanced,7,7.0
Ahoy!! 我ら宝鐘海賊団☆,Expert,10,10.0
Ahoy!! 我ら宝鐘海賊団☆,Master,13,13.3
EZ DO DANCE,Basic,2,2.0
EZ DO DANCE,Advanced,6,6.0
EZ DO DANCE,Expert,9,9.0
EZ DO DANCE,Master,12,12.4
シアワセうさぎ・ぺこみこマリン,Basic,2,2.0
シアワセうさぎ・ぺこみこマリン,Advanced,6,6.0
シアワセうさぎ・ぺこみこマリン,Expert,9+,9.7
シアワセうさぎ・ぺこみこマリン,Master,12+,12.7
めんどーい！やっほーい！ともだち！  -井之原 小星ソロver.-,Basic,3,3.0
めんどーい！やっほーい！ともだち！  -井之原 小星ソロver.-,Advanced,6,6.0
めんどーい！やっほーい！ともだち！  -井之原 小星ソロver.-,Expert,9+,9.7
めんどーい！やっほーい！ともだち！  -井之原 小星ソロver.-,Master,12,12.0
めんどーい！やっほーい！ともだち！  -柏木 咲姫ソロver.-,Basic,3,3.0
めんどーい！やっほーい！ともだち！  -柏木 咲姫ソロver.-,Advanced,6,6.0
めんどーい！やっほーい！ともだち！  -柏木 咲姫ソロver.-,Expert,9+,9.7
めんどーい！やっほーい！ともだち！  -柏木 咲姫ソロver.-,Master,12,12.0
Check my soul,Basic,3,3.0
Check my soul,Advanced,5,5.0
Check my soul,Expert,10,10.0
Check my soul,Master,12,12.3
夜咄ディセイブ,Basic,2,2.0
夜咄ディセイブ,Advanced,7+,7.7
夜咄ディセイブ,Expert,11,11.0
夜咄ディセイブ,Master,13+,13.7
ラストリゾート,Basic,2,2.0
ラストリゾート,Advanced,6,6.0
ラストリゾート,Expert,10,10.0
ラストリゾート,Master,13,13.2
Realize!,Basic,4,4.0
Realize!,Advanced,7,7.0
Realize!,Expert,9+,9.7
Realize!,Master,12,12.3
c.s.q.n.,Basic,3,3.0
c.s.q.n.,Advanced,8,8.0
c.s.q.n.,Expert,11+,11.7
c.s.q.n.,Master,14,14.1
Amphisbaena,Basic,4,4.0
Amphisbaena,Advanced,8+,8.7
Amphisbaena,Expert,12,12.5
Amphisbaena,Master,14,14.4
give it up to you,Basic,3,3.0
give it up to you,Advanced,6,6.0
give it up to you,Expert,11,11.0
give it up to you,Master,13,13.1
Pastel Sprinkles,Basic,4,4.0
Pastel Sprinkles,Advanced,8,8.0
Pastel Sprinkles,Expert,12,12.2
Pastel Sprinkles,Master,13+,13.8
Cult future,Basic,5,5.0
Cult future,Advanced,8+,8.7
Cult future,Expert,13,13.4
Cult future,Master,14+,14.8
イルミナージュ・ランド,Basic,3,3.0
イルミナージュ・ランド,Advanced,6,6.0
イルミナージュ・ランド,Expert,9,9.0
イルミナージュ・ランド,Master,12,12.4
雨とペトラ,Basic,4,4.0
雨とペトラ,Advanced,7,7.0
雨とペトラ,Expert,10,10.0
雨とペトラ,Master,12+,12.8
Secret Sleuth,Basic,2,2.0
Secret Sleuth,Advanced,7+,7.7
Secret Sleuth,Expert,11+,11.7
Secret Sleuth,Master,13+,13.8
バイオレンストリガー,Basic,4,4.0
バイオレンストリガー,Advanced,7+,7.7
バイオレンストリガー,Expert,10+,10.7
バイオレンストリガー,Master,13,13.3
アルカリレットウセイ,Basic,3,3.0
アルカリレットウセイ,Advanced,6,6.0
アルカリレットウセイ,Expert,9,9.0
アルカリレットウセイ,Master,12,12.3
キレキャリオン,Basic,3,3.0
キレキャリオン,Advanced,6,6.0
キレキャリオン,Expert,10,10.0
キレキャリオン,Master,12,12.4
撥条少女時計,Basic,2,2.0
撥条少女時計,Advanced,7+,7.7
撥条少女時計,Expert,10+,10.7
撥条少女時計,Master,13,13.6
Once in my life,Basic,2,2.0
Once in my life,Advanced,5,5.0
Once in my life,Expert,10+,10.7
Once in my life,Master,13,13.6
シンデレラディスコ,Basic,2,2.0
シンデレラディスコ,Advanced,7,7.0
シンデレラディスコ,Expert,10,10.0
シンデレラディスコ,Master,13,13.2
ジャンヌ・ダルクの慟哭,Basic,5,5.0
ジャンヌ・ダルクの慟哭,Advanced,8+,8.7
ジャンヌ・ダルクの慟哭,Expert,13,13.1
ジャンヌ・ダルクの慟哭,Master,14,14.3
ネガティブ進化論,Basic,2,2.0
ネガティブ進化論,Advanced,6,6.0
ネガティブ進化論,Expert,9+,9.7
ネガティブ進化論,Master,12+,12.9
猫猫的宇宙論,Basic,2,2.0
猫猫的宇宙論,Advanced,5,5.0
猫猫的宇宙論,Expert,9,9.0
猫猫的宇宙論,Master,12+,12.7
告白バンジージャンプ,Basic,3,3.0
告白バンジージャンプ,Advanced,6,6.0
告白バンジージャンプ,Expert,9,9.0
告白バンジージャンプ,Master,12+,12.7
とても素敵な六月でした,Basic,4,4.0
とても素敵な六月でした,Advanced,7,7.0
とても素敵な六月でした,Expert,10,10.0
とても素敵な六月でした,Master,12+,12.7
Love & Justice,Basic,4,4.0
Love & Justice,Advanced,8,8.0
Love & Justice,Expert,12,12.6
Love & Justice,Master,14,14.6
MEGATON BLAST (tpz Overcute Remix),Basic,4,4.0
MEGATON BLAST (tpz Overcute Remix),Advanced,8,8.0
MEGATON BLAST (tpz Overcute Remix),Expert,12+,12.7
MEGATON BLAST (tpz Overcute Remix),Master,13+,13.8
"Ruler Count, Zero -逢坂 茜ソロver.-",Basic,3,3.0
"Ruler Count, Zero -逢坂 茜ソロver.-",Advanced,8,8.0
"Ruler Count, Zero -逢坂 茜ソロver.-",Expert,11+,11.7
"Ruler Count, Zero -逢坂 茜ソロver.-",Master,13+,13.7
"Ruler Count, Zero -九條 楓ソロver.-",Basic,3,3.0
"Ruler Count, Zero -九條 楓ソロver.-",Advanced,8,8.0
"Ruler Count, Zero -九條 楓ソロver.-",Expert,11+,11.7
"Ruler Count, Zero -九條 楓ソロver.-",Master,13+,13.7
"Ruler Count, Zero -珠洲島 有栖ソロver.-",Basic,3,3.0
"Ruler Count, Zero -珠洲島 有栖ソロver.-",Advanced,8,8.0
"Ruler Count, Zero -珠洲島 有栖ソロver.-",Expert,11+,11.7
"Ruler Count, Zero -珠洲島 有栖ソロver.-",Master,13+,13.7
キズナ Sparkling World,Basic,2,2.0
キズナ Sparkling World,Advanced,6,6.0
キズナ Sparkling World,Expert,9,9.0
キズナ Sparkling World,Master,12,12.5
アカリがやってきたぞっ,Basic,2,2.0
アカリがやってきたぞっ,Advanced,6,6.0
アカリがやってきたぞっ,Expert,9+,9.7
アカリがやってきたぞっ,Master,13,13.0
幾望の月,Basic,4,4.0
幾望の月,Advanced,7,7.0
幾望の月,Expert,10+,10.7
幾望の月,Master,13,13.5
Bad Apple!! feat.nomico (Camellia’s “Bad Psy” Remix),Basic,3,3.0
Bad Apple!! feat.nomico (Camellia’s “Bad Psy” Remix),Advanced,8,8.0
Bad Apple!! feat.nomico (Camellia’s “Bad Psy” Remix),Expert,11,11.0
Bad Apple!! feat.nomico (Camellia’s “Bad Psy” Remix),Master,13+,13.8
DRAGONLADY,Basic,3,3.0
DRAGONLADY,Advanced,8,8.0
DRAGONLADY,Expert,11+,11.7
DRAGONLADY,Master,14,14.2
STAR,Basic,2,2.0
STAR,Advanced,6,6.0
STAR,Expert,10,10.0
STAR,Master,13,13.3
Rendezvous,Basic,2,2.0
Rendezvous,Advanced,7+,7.7
Rendezvous,Expert,10,10.0
Rendezvous,Master,12+,12.8
Xevel,Basic,4,4.0
Xevel,Advanced,8+,8.7
Xevel,Expert,12,12.2
Xevel,Master,14,14.6
Supersonic Generation,Basic,3,3.0
Supersonic Generation,Advanced,8,8.0
Supersonic Generation,Expert,12,12.3
Supersonic Generation,Master,14,14.0
レーイレーイ ～超絶最強アメちゃん Mix～,Basic,4,4.0
レーイレーイ ～超絶最強アメちゃん Mix～,Advanced,7,7.0
レーイレーイ ～超絶最強アメちゃん Mix～,Expert,10,10.0
レーイレーイ ～超絶最強アメちゃん Mix～,Master,12+,12.9
macrocosmos,Lunatic,14+,14.9
U ARE,Basic,2,2.0
U ARE,Advanced,8,8.0
U ARE,Expert,11,11.0
U ARE,Master,13+,13.7
おやすみのうた,Basic,4,4.0
おやすみのうた,Advanced,8,8.0
おやすみのうた,Expert,11,11.0
おやすみのうた,Master,13,13.4
MAGNETAR GIRL,Basic,3,3.0
MAGNETAR GIRL,Advanced,9,9.0
MAGNETAR GIRL,Expert,12+,12.7
MAGNETAR GIRL,Master,14,14.5
Splash Dance!! -星咲 あかりソロver.-,Basic,3,3.0
Splash Dance!! -星咲 あかりソロver.-,Advanced,7,7.0
Splash Dance!! -星咲 あかりソロver.-,Expert,10+,10.7
Splash Dance!! -星咲 あかりソロver.-,Master,12+,12.7
Splash Dance!! -高瀬 梨緒ソロver.-,Basic,3,3.0
Splash Dance!! -高瀬 梨緒ソロver.-,Advanced,7,7.0
Splash Dance!! -高瀬 梨緒ソロver.-,Expert,10+,10.7
Splash Dance!! -高瀬 梨緒ソロver.-,Master,12+,12.7
Splash Dance!! -桜井 春菜ソロver.-,Basic,3,3.0
Splash Dance!! -桜井 春菜ソロver.-,Advanced,7,7.0
Splash Dance!! -桜井 春菜ソロver.-,Expert,10+,10.7
Splash Dance!! -桜井 春菜ソロver.-,Master,12+,12.7
Splash Dance!! -井之原 小星ソロver.-,Basic,3,3.0
Splash Dance!! -井之原 小星ソロver.-,Advanced,7,7.0
Splash Dance!! -井之原 小星ソロver.-,Expert,10+,10.7
Splash Dance!! -井之原 小星ソロver.-,Master,12+,12.7
Splash Dance!! -日向 千夏ソロver.-,Basic,3,3.0
Splash Dance!! -日向 千夏ソロver.-,Advanced,7,7.0
Splash Dance!! -日向 千夏ソロver.-,Expert,10+,10.7
Splash Dance!! -日向 千夏ソロver.-,Master,12+,12.7
ネクストネスト,Basic,2,2.0
ネクストネスト,Advanced,5,5.0
ネクストネスト,Expert,9,9.0
ネクストネスト,Master,13,13.0
Snow Song Show,Basic,2,2.0
Snow Song Show,Advanced,6,6.0
Snow Song Show,Expert,9,9.0
Snow Song Show,Master,12,12.0
TiamaT：F minor,Basic,5,5.0
TiamaT：F minor,Advanced,9+,9.7
TiamaT：F minor,Expert,13,13.1
TiamaT：F minor,Master,14+,14.7
LUNA DIAL -Version X-SAKUYA-,Basic,3,3.0
LUNA DIAL -Version X-SAKUYA-,Advanced,7,7.0
LUNA DIAL -Version X-SAKUYA-,Expert,11+,11.7
LUNA DIAL -Version X-SAKUYA-,Master,13+,13.8
Nowhere Girl,Basic,2,2.0
Nowhere Girl,Advanced,5,5.0
Nowhere Girl,Expert,9,9.0
Nowhere Girl,Master,12,12.4
Weekend Clock,Basic,2,2.0
Weekend Clock,Advanced,5,5.0
Weekend Clock,Expert,9,9.0
Weekend Clock,Master,12+,12.7
悪戯センセーション,Basic,3,3.0
悪戯センセーション,Advanced,7+,7.7
悪戯センセーション,Expert,10,10.0
悪戯センセーション,Master,13,13.5
Paradisus-Paradoxum,Basic,4,4.0
Paradisus-Paradoxum,Advanced,8,8.0
Paradisus-Paradoxum,Expert,11,11.0
Paradisus-Paradoxum,Master,13,13.1
エータ・ベータ・イータ,Basic,4,4.0
エータ・ベータ・イータ,Advanced,8,8.0
エータ・ベータ・イータ,Expert,12+,12.9
エータ・ベータ・イータ,Master,14,14.6
My precious holiday,Basic,2,2.0
My precious holiday,Advanced,6,6.0
My precious holiday,Expert,10,10.0
My precious holiday,Master,13,13.4
輪廻転生,Basic,4,4.0
輪廻転生,Advanced,7,7.0
輪廻転生,Expert,10+,10.7
輪廻転生,Master,13,13.6
その群青が愛しかったようだった,Basic,4,4.0
その群青が愛しかったようだった,Advanced,8,8.0
その群青が愛しかったようだった,Expert,10,10.0
その群青が愛しかったようだった,Master,12,12.6
STYX HELIX,Basic,2,2.0
STYX HELIX,Advanced,5,5.0
STYX HELIX,Expert,8,8.0
STYX HELIX,Master,12+,12.7
Re：End of a Dream,Basic,5,5.0
Re：End of a Dream,Advanced,9,9.0
Re：End of a Dream,Expert,12+,12.9
Re：End of a Dream,Master,14+,14.8
Starring Stars -星咲 あかりソロver.-,Basic,4,4.0
Starring Stars -星咲 あかりソロver.-,Advanced,6,6.0
Starring Stars -星咲 あかりソロver.-,Expert,9,9.0
Starring Stars -星咲 あかりソロver.-,Master,12,12.0
Starring Stars -藤沢 柚子ソロver.-,Basic,4,4.0
Starring Stars -藤沢 柚子ソロver.-,Advanced,6,6.0
Starring Stars -藤沢 柚子ソロver.-,Expert,9,9.0
Starring Stars -藤沢 柚子ソロver.-,Master,12,12.0
Starring Stars -三角 葵ソロver.-,Basic,4,4.0
Starring Stars -三角 葵ソロver.-,Advanced,6,6.0
Starring Stars -三角 葵ソロver.-,Expert,9,9.0
Starring Stars -三角 葵ソロver.-,Master,12,12.0
レイル・ロマネスク ハチロクver.,Basic,1,1.0
レイル・ロマネスク ハチロクver.,Advanced,5,5.0
レイル・ロマネスク ハチロクver.,Expert,8+,8.7
レイル・ロマネスク ハチロクver.,Master,12,12.6
空奏列車,Basic,3,3.0
空奏列車,Advanced,7,7.0
空奏列車,Expert,9+,9.7
空奏列車,Master,12,12.5
CO5M1C R4ILR0AD,Basic,3,3.0
CO5M1C R4ILR0AD,Advanced,8,8.0
CO5M1C R4ILR0AD,Expert,11,11.0
CO5M1C R4ILR0AD,Master,13+,13.8
GODLINESS,Basic,4,4.0
GODLINESS,Advanced,8+,8.7
GODLINESS,Expert,12,12.2
GODLINESS,Master,14,14.0
LAMIA,Basic,6,6.0
LAMIA,Advanced,10,10.0
LAMIA,Expert,13+,13.7
LAMIA,Master,15,15.0
Apollo,Basic,6,6.0
Apollo,Advanced,10,10.0
Apollo,Expert,13+,13.7
Apollo,Master,15,15.0
おはようジャポニカ,Basic,2,2.0
おはようジャポニカ,Advanced,7,7.0
おはようジャポニカ,Expert,10,10.0
おはようジャポニカ,Master,12+,12.8
あ・り・ま・す・か？,Basic,2,2.0
あ・り・ま・す・か？,Advanced,6,6.0
あ・り・ま・す・か？,Expert,10,10.0
あ・り・ま・す・か？,Master,13+,13.9
ニニ,Basic,3,3.0
ニニ,Advanced,8,8.0
ニニ,Expert,11+,11.7
ニニ,Master,13+,13.8
風に乗せた願い,Basic,3,3.0
風に乗せた願い,Advanced,7,7.0
風に乗せた願い,Expert,9+,9.7
風に乗せた願い,Master,13,13.2
断罪は遍く人間の元に,Basic,3,3.0
断罪は遍く人間の元に,Advanced,8,8.0
断罪は遍く人間の元に,Expert,11,11.0
断罪は遍く人間の元に,Master,13+,13.8
ケロ⑨destiny,Basic,3,3.0
ケロ⑨destiny,Advanced,6,6.0
ケロ⑨destiny,Expert,9+,9.7
ケロ⑨destiny,Master,12+,12.8
蛙石,Basic,2,2.0
蛙石,Advanced,6,6.0
蛙石,Expert,9,9.0
蛙石,Master,12+,12.9
ENERGY SYNERGY MATRIX,Basic,2,2.0
ENERGY SYNERGY MATRIX,Advanced,8,8.0
ENERGY SYNERGY MATRIX,Expert,11+,11.7
ENERGY SYNERGY MATRIX,Master,14,14.2
カラッポ・ノンフィクション,Basic,3,3.0
カラッポ・ノンフィクション,Advanced,8,8.0
カラッポ・ノンフィクション,Expert,10,10.0
カラッポ・ノンフィクション,Master,13,13.1
Burning Hearts ～炎のANGEL～,Basic,2,2.0
Burning Hearts ～炎のANGEL～,Advanced,7,7.0
Burning Hearts ～炎のANGEL～,Expert,10,10.0
Burning Hearts ～炎のANGEL～,Master,12+,12.7
なんどでも笑おう,Basic,2,2.0
なんどでも笑おう,Advanced,5,5.0
なんどでも笑おう,Expert,8+,8.7
なんどでも笑おう,Master,11+,11.7
Hide & Attack,Basic,3,3.0
Hide & Attack,Advanced,6,6.0
Hide & Attack,Expert,9+,9.7
Hide & Attack,Master,12,12.5
Hide & Attack,Lunatic,13+,13.7
よんでミラクるん!,Basic,4,4.0
よんでミラクるん!,Advanced,7,7.0
よんでミラクるん!,Expert,9+,9.7
よんでミラクるん!,Master,12+,12.9
NEXT COLOR PLANET,Basic,2,2.0
NEXT COLOR PLANET,Advanced,7,7.0
NEXT COLOR PLANET,Expert,10,10.0
NEXT COLOR PLANET,Master,13,13.2
花ハ踊レヤいろはにほ,Basic,2,2.0
花ハ踊レヤいろはにほ,Advanced,5,5.0
花ハ踊レヤいろはにほ,Expert,9+,9.7
花ハ踊レヤいろはにほ,Master,12+,12.7
うっせぇわ,Basic,3,3.0
うっせぇわ,Advanced,7,7.0
うっせぇわ,Expert,10,10.0
うっせぇわ,Master,12,12.6
春を告げる,Basic,2,2.0
春を告げる,Advanced,5,5.0
春を告げる,Expert,9,9.0
春を告げる,Master,13,13.3
KING,Basic,2,2.0
KING,Advanced,6,6.0
KING,Expert,9,9.0
KING,Master,12,12.4
ダーリンダンス,Basic,2,2.0
ダーリンダンス,Advanced,6,6.0
ダーリンダンス,Expert,10,10.0
ダーリンダンス,Master,13,13.4
恋愛裁判,Basic,2,2.0
恋愛裁判,Advanced,6,6.0
恋愛裁判,Expert,9,9.0
恋愛裁判,Master,12,12.3
ジャンキーナイトタウンオーケストラ,Basic,2,2.0
ジャンキーナイトタウンオーケストラ,Advanced,7+,7.7
ジャンキーナイトタウンオーケストラ,Expert,11,11.2
ジャンキーナイトタウンオーケストラ,Master,13,13.6
色は匂へど散りぬるを,Basic,2,2.0
色は匂へど散りぬるを,Advanced,5,5.0
色は匂へど散りぬるを,Expert,9+,9.7
色は匂へど散りぬるを,Master,12,12.3
Dement ～after legend～,Basic,4,4.0
Dement ～after legend～,Advanced,9,9.0
Dement ～after legend～,Expert,11,11.4
Dement ～after legend～,Master,13+,13.8
Last Celebration,Basic,5,5.0
Last Celebration,Advanced,8+,8.7
Last Celebration,Expert,12,12.0
Last Celebration,Master,14,14.6
TEmPTaTiON,Basic,4,4.0
TEmPTaTiON,Advanced,8+,8.7
TEmPTaTiON,Expert,12,12.0
TEmPTaTiON,Master,14,14.5
Transcend Lights,Basic,2,2.0
Transcend Lights,Advanced,7,7.0
Transcend Lights,Expert,10,10.0
Transcend Lights,Master,12+,12.7
Happiness on the Table,Basic,1,1.0
Happiness on the Table,Advanced,5,5.0
Happiness on the Table,Expert,8,8.0
Happiness on the Table,Master,12,12.0
花時は夢を見る。,Basic,3,3.0
花時は夢を見る。,Advanced,7+,7.7
花時は夢を見る。,Expert,9,9.0
花時は夢を見る。,Master,13,13.1
ゲーミングポーラーベア,Basic,5,5.0
ゲーミングポーラーベア,Advanced,8,8.0
ゲーミングポーラーベア,Expert,11,11.4
ゲーミングポーラーベア,Master,13+,13.9
Elusive Emotes,Basic,2,2.0
Elusive Emotes,Advanced,8,8.0
Elusive Emotes,Expert,11,11.0
Elusive Emotes,Master,13+,13.8
ミラージュ・フレイグランス,Basic,4,4.0
ミラージュ・フレイグランス,Advanced,9,9.0
ミラージュ・フレイグランス,Expert,12+,12.8
ミラージュ・フレイグランス,Master,14,14.4
SUPER AMBULANCE,Basic,5,5.0
SUPER AMBULANCE,Advanced,9+,9.7
SUPER AMBULANCE,Expert,12+,12.9
SUPER AMBULANCE,Master,14+,14.7
No Limit RED Force -星咲 あかりソロver.-,Basic,2,2.0
No Limit RED Force -星咲 あかりソロver.-,Advanced,6,6.0
No Limit RED Force -星咲 あかりソロver.-,Expert,9,9.0
No Limit RED Force -星咲 あかりソロver.-,Master,12+,12.7
No Limit RED Force -藍原 椿ソロver.-,Basic,2,2.0
No Limit RED Force -藍原 椿ソロver.-,Advanced,6,6.0
No Limit RED Force -藍原 椿ソロver.-,Expert,9,9.0
No Limit RED Force -藍原 椿ソロver.-,Master,12+,12.7
No Limit RED Force -早乙女 彩華ソロver.-,Basic,2,2.0
No Limit RED Force -早乙女 彩華ソロver.-,Advanced,6,6.0
No Limit RED Force -早乙女 彩華ソロver.-,Expert,9,9.0
No Limit RED Force -早乙女 彩華ソロver.-,Master,12+,12.7
No Limit RED Force -柏木 咲姫ソロver.-,Basic,2,2.0
No Limit RED Force -柏木 咲姫ソロver.-,Advanced,6,6.0
No Limit RED Force -柏木 咲姫ソロver.-,Expert,9,9.0
No Limit RED Force -柏木 咲姫ソロver.-,Master,12+,12.7
No Limit RED Force -柏木 美亜ソロver.-,Basic,2,2.0
No Limit RED Force -柏木 美亜ソロver.-,Advanced,6,6.0
No Limit RED Force -柏木 美亜ソロver.-,Expert,9,9.0
No Limit RED Force -柏木 美亜ソロver.-,Master,12+,12.7
最終鬼畜全部声,Lunatic,14,14.3
竹,Basic,5,5.0
竹,Advanced,8+,8.7
竹,Expert,12,12.4
竹,Master,14,14.2
Cutter,Basic,3,3.0
Cutter,Advanced,8,8.0
Cutter,Expert,11,11.1
Cutter,Master,13+,13.8
Psalms ～魂の還るばしょ～,Basic,1,1.0
Psalms ～魂の還るばしょ～,Advanced,6,6.0
Psalms ～魂の還るばしょ～,Expert,10+,10.7
Psalms ～魂の還るばしょ～,Master,13,13.0
エッビーナースデイ,Basic,4,4.0
エッビーナースデイ,Advanced,7,7.0
エッビーナースデイ,Expert,9,9.0
エッビーナースデイ,Master,12,12.4
アマカミサマ,Basic,3,3.0
アマカミサマ,Advanced,7,7.0
アマカミサマ,Expert,9+,9.7
アマカミサマ,Master,12+,12.7
ハッピーエンドをはじめから,Basic,3,3.0
ハッピーエンドをはじめから,Advanced,7,7.0
ハッピーエンドをはじめから,Expert,10,10.0
ハッピーエンドをはじめから,Master,13,13.3
ぶいちゅっばの歌,Basic,2,2.0
ぶいちゅっばの歌,Advanced,6,6.0
ぶいちゅっばの歌,Expert,10+,10.7
ぶいちゅっばの歌,Master,13,13.5
Y.Y.Y.計画!!!! -逢坂 茜ソロver.-,Basic,3,3.0
Y.Y.Y.計画!!!! -逢坂 茜ソロver.-,Advanced,7,7.0
Y.Y.Y.計画!!!! -逢坂 茜ソロver.-,Expert,9+,9.7
Y.Y.Y.計画!!!! -逢坂 茜ソロver.-,Master,12,12.0
Y.Y.Y.計画!!!! -九條 楓ソロver.-,Basic,3,3.0
Y.Y.Y.計画!!!! -九條 楓ソロver.-,Advanced,7,7.0
Y.Y.Y.計画!!!! -九條 楓ソロver.-,Expert,9+,9.7
Y.Y.Y.計画!!!! -九條 楓ソロver.-,Master,12,12.0
Y.Y.Y.計画!!!! -珠洲島 有栖ソロver.-,Basic,3,3.0
Y.Y.Y.計画!!!! -珠洲島 有栖ソロver.-,Advanced,7,7.0
Y.Y.Y.計画!!!! -珠洲島 有栖ソロver.-,Expert,9+,9.7
Y.Y.Y.計画!!!! -珠洲島 有栖ソロver.-,Master,12,12.0
Catch Me If You Can,Basic,2,2.0
Catch Me If You Can,Advanced,7+,7.7
Catch Me If You Can,Expert,10,10.0
Catch Me If You Can,Master,13,13.0
Skip & Smile!!,Basic,5,5.0
Skip & Smile!!,Advanced,8,8.0
Skip & Smile!!,Expert,11,11.0
Skip & Smile!!,Master,13,13.0
μάγια,Basic,5,5.0
μάγια,Advanced,9,9.0
μάγια,Expert,12,12.0
μάγια,Master,14,14.0
